"선수명","생년월일","입단연도","은퇴연도","경력","경기","생월","포지션"
"백인천",1943-11-27,1982,1984,3,117,11,"타자"
"이춘근",1948-03-01,1982,1982,1,3,3,"타자"
"윤동균",1949-07-02,1982,1989,8,594,7,"타자"
"김우열",1949-09-09,1982,1986,5,342,9,"타자"
"임신근",1949-11-28,1982,1982,1,2,11,"타자"
"박경호",1951-01-15,1982,1982,1,12,1,"투수"
"권두조",1951-06-10,1982,1987,6,587,6,"타자"
"김봉연",1952-01-13,1982,1988,7,630,1,"타자"
"이종도",1952-05-22,1982,1987,6,482,5,"타자"
"김성관",1952-07-06,1982,1984,3,170,7,"타자"
"황태환",1952-08-06,1982,1989,8,199,8,"투수"
"송영운",1952-12-15,1982,1988,7,354,12,"타자"
"이홍범",1953-02-10,1982,1985,4,288,2,"타자"
"오문현",1953-02-13,1982,1987,6,74,2,"투수"
"박준영",1953-02-20,1982,1984,3,133,2,"타자"
"정현발",1953-02-20,1982,1988,7,477,2,"타자"
"김정수",1953-04-02,1982,1986,5,345,4,"타자"
"계형철",1953-04-03,1982,1991,10,254,4,"투수"
"황규봉",1953-04-24,1982,1986,5,154,4,"투수"
"천보성",1953-06-11,1982,1984,3,171,6,"타자"
"김구길",1953-06-16,1982,1982,1,32,6,"타자"
"최옥규",1953-07-17,1982,1982,1,13,7,"투수"
"이성득",1953-07-21,1982,1982,1,52,7,"타자"
"김인식",1953-11-09,1982,1988,7,663,11,"타자"
"김봉기",1953-12-23,1982,1987,6,145,12,"타자"
"김일환",1954-01-11,1982,1989,8,446,1,"타자"
"권영호",1954-01-23,1982,1989,8,288,1,"투수"
"천창호",1954-02-13,1982,1989,8,168,2,"투수"
"배대웅",1954-03-02,1982,1986,5,355,3,"타자"
"정구왕",1954-03-26,1982,1986,5,288,3,"타자"
"김유동",1954-04-09,1982,1985,4,135,4,"타자"
"방기만",1954-05-15,1982,1982,1,8,5,"투수"
"김재박",1954-05-23,1982,1992,11,966,5,"타자"
"이광권",1954-06-28,1982,1985,4,71,6,"투수"
"정순명",1954-06-30,1982,1985,4,53,6,"투수"
"조흥운",1954-08-13,1982,1986,5,282,8,"타자"
"김호인",1954-09-12,1982,1982,1,64,9,"타자"
"손상대",1954-10-20,1982,1985,4,31,10,"타자"
"함학수",1955-01-02,1982,1987,6,481,1,"타자"
"최순하",1955-01-15,1982,1982,1,37,1,"타자"
"이선희",1955-02-14,1982,1987,6,133,2,"투수"
"김무관",1955-03-02,1982,1985,4,121,3,"타자"
"김한근",1955-03-05,1982,1990,9,575,3,"타자"
"김문희",1955-03-23,1982,1985,4,78,3,"투수"
"김바위",1955-04-08,1982,1991,10,677,4,"타자"
"김덕열",1955-04-23,1982,1984,3,28,4,"투수"
"박찬",1955-04-26,1982,1986,5,121,4,"타자"
"배수희",1955-04-30,1982,1982,1,22,4,"타자"
"하기룡",1955-05-08,1982,1989,7,181,5,"투수"
"김준환",1955-05-19,1982,1989,8,668,5,"타자"
"최정우",1955-06-02,1982,1984,3,105,6,"타자"
"김용운",1955-06-05,1982,1990,9,592,6,"타자"
"신태중",1955-06-27,1982,1986,5,68,6,"투수"
"이광은",1955-06-28,1982,1991,10,923,6,"타자"
"서정환",1955-07-05,1982,1989,8,712,7,"타자"
"박상열",1955-08-05,1982,1988,7,153,8,"투수"
"김용희",1955-10-04,1982,1989,8,534,10,"타자"
"유지훤",1955-10-04,1982,1988,7,627,10,"타자"
"신언호",1955-12-18,1982,1990,9,729,12,"타자"
"차동열",1956-01-17,1982,1991,9,432,1,"타자"
"김우근",1956-01-26,1982,1987,6,382,1,"타자"
"김현홍",1956-02-13,1982,1983,2,25,2,"투수"
"정영기",1956-02-29,1982,1990,9,744,2,"타자"
"박철순",1956-03-12,1982,1996,13,231,3,"투수"
"이진우",1956-03-18,1982,1987,6,124,3,"투수"
"손상득",1956-04-03,1982,1988,5,231,4,"타자"
"김용달",1956-05-10,1982,1988,7,313,5,"타자"
"유승안",1956-06-01,1982,1991,10,787,6,"타자"
"최정기",1956-07-16,1982,1983,2,29,7,"타자"
"허규옥",1956-08-08,1982,1992,11,833,8,"타자"
"유종겸",1956-09-14,1982,1990,9,269,9,"투수"
"김일권",1956-09-20,1982,1991,10,842,9,"타자"
"차준섭",1956-10-16,1982,1985,3,17,10,"투수"
"정학수",1956-12-04,1982,1989,6,355,12,"타자"
"금광옥",1956-12-19,1982,1988,7,413,12,"타자"
"김경훈",1957-01-10,1982,1982,1,29,1,"타자"
"강만식",1957-02-15,1982,1989,8,151,2,"투수"
"이철성",1957-03-14,1982,1986,3,108,3,"타자"
"감사용",1957-03-23,1982,1986,5,61,3,"투수"
"박정환",1957-05-25,1982,1992,9,385,5,"타자"
"김종윤",1957-06-19,1982,1986,5,255,6,"타자"
"차영화",1957-06-27,1982,1989,8,526,6,"타자"
"홍순만",1957-07-11,1982,1986,2,14,7,"타자"
"김휘욱",1957-08-11,1982,1982,1,34,8,"타자"
"성낙수",1957-08-12,1982,1986,5,71,8,"투수"
"송진호",1957-08-16,1982,1982,1,35,8,"타자"
"박석채",1957-08-26,1982,1983,2,17,8,"투수"
"선우대영",1957-09-12,1982,1983,2,44,9,"투수"
"김용철",1957-09-21,1982,1992,11,1024,9,"타자"
"조호",1957-09-22,1982,1985,3,73,9,"타자"
"박재천",1957-10-10,1982,1986,2,14,10,"타자"
"장태수",1957-10-15,1982,1992,11,991,10,"타자"
"양세종",1958-01-17,1982,1990,7,493,1,"타자"
"강철원",1958-01-27,1982,1986,5,39,1,"투수"
"김용남",1958-02-26,1982,1988,7,198,2,"투수"
"이윤섭",1958-03-01,1982,1982,1,25,3,"타자"
"이근식",1958-03-02,1982,1982,1,20,3,"타자"
"인호봉",1958-03-04,1982,1985,4,60,3,"투수"
"김진철",1958-04-18,1982,1982,1,29,4,"타자"
"노상수",1958-05-05,1982,1991,8,176,5,"투수"
"김성한",1958-05-18,1982,1995,14,1338,5,"타자"
"김용만",1958-07-26,1982,1982,1,56,7,"타자"
"박영진",1958-07-27,1982,1984,2,7,7,"투수"
"장정기",1958-08-10,1982,1985,4,134,8,"타자"
"임정면",1958-09-17,1982,1988,7,160,9,"타자"
"이만수",1958-09-19,1982,1997,16,1449,9,"타자"
"박용성",1958-09-30,1982,1988,7,359,9,"타자"
"김경문",1958-11-01,1982,1991,10,700,11,"타자"
"김광수",1959-01-03,1982,1992,11,1046,1,"타자"
"박전섭",1959-02-04,1982,1985,4,68,2,"타자"
"조충열",1959-02-25,1982,1990,9,564,2,"타자"
"최영환",1959-02-28,1982,1989,5,134,2,"타자"
"김재현",1959-03-03,1982,1986,5,100,3,"투수"
"이경수",1959-05-27,1982,1982,1,28,5,"타자"
"양승관",1959-06-02,1982,1990,8,444,6,"타자"
"이근식",1959-06-23,1982,1986,5,249,6,"타자"
"김재상",1959-07-06,1982,1991,8,391,7,"타자"
"이길환",1959-07-15,1982,1990,9,152,7,"투수"
"엄태섭",1959-07-17,1982,1984,3,44,7,"타자"
"허운",1959-08-18,1982,1984,3,76,8,"타자"
"김종모",1959-11-01,1982,1992,11,850,11,"타자"
"김경남",1959-11-05,1982,1988,7,360,11,"타자"
"정종현",1959-12-05,1982,1987,6,147,12,"타자"
"오대석",1960-01-02,1982,1991,10,723,1,"타자"
"방수원",1960-01-04,1982,1989,8,197,1,"투수"
"정문섭",1960-04-04,1982,1985,3,75,4,"타자"
"김동철",1960-06-05,1982,1982,1,32,6,"투수"
"정혁진",1960-07-05,1982,1983,2,95,7,"타자"
"조범현",1960-10-01,1982,1992,11,615,10,"타자"
"송경섭",1960-11-26,1982,1982,1,53,11,"타자"
"이상윤",1960-12-21,1982,1982,1,2,12,"타자"
"신경식",1961-08-19,1982,1995,14,1364,8,"타자"
"이찬선",1962-05-21,1982,1982,1,22,5,"타자"
"김진홍",1962-09-10,1982,1989,6,55,9,"타자"
"문주모",1962-11-14,1982,1982,1,11,11,"타자"
"최영조",1963-01-15,1982,1982,1,25,1,"타자"
"구재서",1963-08-15,1982,1989,6,171,8,"타자"
"구천서",1963-08-15,1982,1993,12,836,8,"타자"
"한상연",1964-08-27,1982,1982,1,7,8,"투수"
"박종호",1964-12-07,1982,1982,1,4,12,"타자"
"이원국",1949-05-10,1983,1983,1,8,5,"투수"
"우용득",1950-02-13,1983,1983,1,14,2,"타자"
"이해창",1953-04-23,1983,1988,6,577,4,"타자"
"심재원",1953-07-30,1983,1991,9,551,7,"타자"
"조종규",1955-10-08,1983,1984,2,46,10,"타자"
"정성만",1955-10-10,1983,1987,5,98,10,"투수"
"김대진",1955-12-22,1983,1987,5,269,12,"타자"
"유종천",1956-03-25,1983,1983,1,5,3,"투수"
"임호균",1956-03-26,1983,1990,8,154,3,"투수"
"김현재",1956-06-04,1983,1984,2,14,6,"투수"
"정진호",1956-06-23,1983,1990,8,448,6,"타자"
"장효조",1956-07-06,1983,1992,10,961,7,"타자"
"배경환",1956-07-08,1983,1990,8,161,7,"투수"
"유두열",1956-10-29,1983,1991,9,734,10,"타자"
"정구선",1956-12-15,1983,1990,8,768,12,"타자"
"우경하",1957-10-15,1983,1988,6,322,10,"타자"
"박승호",1958-02-09,1983,1993,11,947,2,"타자"
"김시진",1958-03-20,1983,1992,10,273,3,"투수"
"최동원",1958-05-24,1983,1990,8,248,5,"투수"
"황기선",1958-06-02,1983,1987,5,87,6,"투수"
"김진우",1958-09-24,1983,1989,6,471,9,"타자"
"장진범",1959-01-02,1983,1987,5,140,1,"타자"
"정선두",1959-06-06,1983,1987,4,39,6,"투수"
"박종훈",1959-06-12,1983,1989,7,679,6,"타자"
"송일섭",1959-08-17,1983,1990,8,613,8,"타자"
"박영태",1959-08-25,1983,1992,10,677,8,"타자"
"김석일",1959-11-26,1983,1987,5,223,11,"타자"
"박정후",1959-12-22,1983,1985,3,50,12,"투수"
"양승호",1960-01-10,1983,1986,4,195,1,"타자"
"오영일",1960-02-06,1983,1990,8,215,2,"투수"
"김종근",1960-03-16,1983,1983,1,12,3,"타자"
"황병일",1960-03-22,1983,1990,8,368,3,"타자"
"김성호",1960-03-26,1983,1985,3,140,3,"타자"
"최홍석",1960-03-28,1983,1991,7,311,3,"타자"
"김문영",1960-04-24,1983,1988,6,191,4,"타자"
"장호연",1960-05-05,1983,1995,13,346,5,"투수"
"박철영",1960-05-22,1983,1988,6,200,5,"타자"
"홍승규",1960-06-20,1983,1990,8,497,6,"타자"
"김호근",1960-06-29,1983,1993,11,690,6,"타자"
"한대화",1960-07-08,1983,1997,15,1331,7,"타자"
"유성룡",1960-07-18,1983,1985,3,38,7,"타자"
"이광길",1960-08-04,1983,1992,9,561,8,"타자"
"신계석",1960-09-05,1983,1983,1,1,9,"투수"
"김정수",1960-10-13,1983,1985,3,181,10,"타자"
"이성수",1960-10-23,1983,1986,3,55,10,"타자"
"엄평재",1960-10-24,1983,1983,1,13,10,"투수"
"김동재",1960-10-31,1983,1993,11,566,10,"타자"
"이선웅",1961-02-11,1983,1992,10,878,2,"타자"
"김상기",1961-03-03,1983,1987,4,26,3,"투수"
"한문연",1961-04-10,1983,1992,10,663,4,"타자"
"양일환",1961-06-10,1983,1989,7,139,6,"투수"
"김근석",1962-06-18,1983,1988,6,394,6,"타자"
"박동경",1964-03-03,1983,1988,4,34,3,"투수"
"박해종",1952-09-09,1984,1985,2,43,9,"타자"
"이삼열",1955-03-10,1984,1984,1,3,3,"타자"
"김성호",1955-09-01,1984,1987,3,33,9,"타자"
"김진근",1956-03-16,1984,1987,4,109,3,"타자"
"유제룡",1956-08-11,1984,1986,2,77,8,"타자"
"홍희섭",1957-02-08,1984,1985,2,15,2,"타자"
"이석규",1957-02-13,1984,1986,2,72,2,"타자"
"정인교",1957-12-23,1984,1987,4,48,12,"타자"
"김경표",1960-04-29,1984,1989,6,245,4,"타자"
"김상훈",1960-07-06,1984,1995,12,1143,7,"타자"
"김이수",1960-08-04,1984,1986,3,99,8,"타자"
"김진욱",1960-08-05,1984,1993,10,231,8,"투수"
"강정남",1960-08-14,1984,1984,1,22,8,"타자"
"사인상",1960-12-18,1984,1986,2,8,12,"타자"
"김광림",1961-03-09,1984,1999,16,1630,3,"타자"
"김봉근",1961-03-13,1984,1992,8,128,3,"투수"
"전용권",1961-04-12,1984,1991,7,70,4,"투수"
"김재열",1961-04-25,1984,1988,4,53,4,"투수"
"김민호",1961-04-28,1984,1996,13,1207,4,"타자"
"김명구",1961-05-15,1984,1988,5,112,5,"타자"
"진동한",1961-06-04,1984,1992,8,165,6,"투수"
"최계훈",1961-06-06,1984,1986,3,86,6,"투수"
"이문한",1961-07-03,1984,1991,6,105,7,"투수"
"김영균",1961-07-12,1984,1988,5,211,7,"타자"
"권기홍",1961-07-12,1984,1988,5,21,7,"투수"
"윤석환",1961-07-17,1984,1991,8,235,7,"투수"
"최일언",1961-07-27,1984,1992,9,240,7,"투수"
"조도연",1961-08-06,1984,1989,5,91,8,"투수"
"조성옥",1961-08-25,1984,1995,12,917,8,"타자"
"김성래",1961-12-03,1984,2000,17,1277,12,"타자"
"안창완",1961-12-05,1984,1991,8,140,12,"투수"
"배원영",1962-01-15,1984,1986,2,7,1,"타자"
"김한조",1962-01-25,1984,1988,5,225,1,"타자"
"정성룡",1964-05-19,1984,1995,11,528,5,"타자"
"문희수",1965-03-15,1984,1995,12,241,3,"투수"
"조용철",1965-08-22,1984,1985,2,7,8,"투수"
"이충우",1958-08-13,1985,1988,4,26,8,"투수"
"임창호",1959-01-05,1985,1985,1,3,1,"타자"
"이승희",1959-04-03,1985,1992,7,556,4,"타자"
"박명운",1959-07-17,1985,1985,1,2,7,"타자"
"박기수",1959-11-27,1985,1985,1,4,11,"타자"
"김용수",1960-05-02,1985,2000,16,613,5,"투수"
"김준희",1960-05-16,1985,1987,3,13,5,"투수"
"양상문",1961-03-24,1985,1993,9,272,3,"투수"
"이순철",1961-04-18,1985,1998,14,1388,4,"타자"
"박동수",1961-06-12,1985,1993,9,209,6,"투수"
"한오종",1961-06-16,1985,1991,5,35,6,"투수"
"김명성",1961-08-24,1985,1986,2,92,8,"타자"
"최재은",1961-08-24,1985,1985,1,2,8,"타자"
"양후승",1961-09-11,1985,1992,7,387,9,"타자"
"정삼흠",1961-11-05,1985,1996,12,388,11,"투수"
"김영신",1961-11-09,1985,1986,2,22,11,"타자"
"박흥식",1962-01-05,1985,1993,9,660,1,"타자"
"이병억",1962-01-05,1985,1986,2,24,1,"타자"
"안언학",1962-01-06,1985,1985,1,10,1,"투수"
"탁재원",1962-01-14,1985,1985,1,10,1,"타자"
"홍순호",1962-01-21,1985,1987,3,29,1,"타자"
"신태순",1962-02-13,1985,1986,2,22,2,"투수"
"이동완",1962-02-14,1985,1985,1,16,2,"타자"
"김태업",1962-02-19,1985,1985,1,35,2,"타자"
"이종두",1962-04-05,1985,1997,13,1054,4,"타자"
"유지홍",1962-04-24,1985,1990,6,264,4,"타자"
"김성갑",1962-05-03,1985,1995,11,942,5,"타자"
"김기철",1962-05-24,1985,1985,1,5,5,"투수"
"김용국",1962-06-21,1985,1995,11,1092,6,"타자"
"최상주",1962-08-07,1985,1988,4,50,8,"투수"
"김형석",1962-08-18,1985,1998,14,1416,8,"타자"
"정은배",1962-10-19,1985,1992,7,100,10,"투수"
"한영준",1962-11-14,1985,1996,12,1009,11,"타자"
"선동열",1963-01-10,1985,1995,11,367,1,"투수"
"윤덕규",1963-02-25,1985,1997,13,1275,2,"타자"
"박희찬",1963-05-01,1985,1988,4,26,5,"타자"
"김정태",1957-01-01,1986,1987,2,95,1,"타자"
"김종수",1957-03-15,1986,1987,2,117,3,"타자"
"김연철",1958-03-20,1986,1988,3,41,3,"투수"
"이우상",1958-11-29,1986,1986,1,6,11,"투수"
"조호표",1958-12-02,1986,1986,1,2,12,"투수"
"오덕환",1959-02-14,1986,1988,3,198,2,"타자"
"최광묵",1960-01-01,1986,1986,1,23,1,"타자"
"김경갑",1960-02-01,1986,1987,2,105,2,"타자"
"기세봉",1960-02-01,1986,1986,1,1,2,"투수"
"조병천",1960-05-25,1986,1992,7,142,5,"투수"
"이강돈",1961-02-27,1986,1997,12,1217,2,"타자"
"이군노",1961-02-27,1986,1986,1,26,2,"타자"
"장훈",1961-06-26,1986,1986,1,2,6,"타자"
"윤학길",1961-07-04,1986,1997,12,308,7,"투수"
"도이석",1961-09-13,1986,1987,2,72,9,"타자"
"민문식",1961-11-26,1986,1987,2,11,11,"투수"
"전대영",1962-01-10,1986,1994,9,584,1,"타자"
"이광근",1962-01-24,1986,1992,7,401,1,"타자"
"서효인",1962-02-06,1986,1995,10,304,2,"타자"
"임재준",1962-02-07,1986,1989,4,18,2,"투수"
"예병준",1962-03-12,1986,1990,5,52,3,"투수"
"송상진",1962-03-22,1986,1986,1,8,3,"타자"
"오명록",1962-04-06,1986,1990,5,81,4,"투수"
"강상진",1962-04-17,1986,1991,4,27,4,"투수"
"이복근",1962-04-21,1986,1991,6,265,4,"타자"
"이상군",1962-04-21,1986,2001,14,320,4,"투수"
"임순태",1962-05-05,1986,1986,1,12,5,"타자"
"김성수",1962-05-07,1986,1989,4,43,5,"타자"
"김현택",1962-05-09,1986,1986,1,9,5,"타자"
"이정은",1962-05-23,1986,1986,1,35,5,"타자"
"김대현",1962-06-16,1986,1988,3,80,6,"투수"
"유해덕",1962-06-21,1986,1988,3,61,6,"타자"
"이성근",1962-06-23,1986,1988,3,19,6,"타자"
"윤홍식",1962-06-26,1986,1987,2,47,6,"타자"
"한희민",1962-07-19,1986,1993,8,204,7,"투수"
"김정수",1962-07-24,1986,2003,18,600,7,"투수"
"강정길",1962-07-25,1986,1995,10,1037,7,"타자"
"김훈기",1962-07-25,1986,1989,4,64,7,"투수"
"성준",1962-09-25,1986,1999,14,301,9,"투수"
"박노준",1962-10-26,1986,1997,12,1016,10,"타자"
"박노준",1962-10-26,1986,1988,3,43,10,"투수"
"최무영",1962-11-02,1986,1989,4,66,11,"타자"
"천성호",1963-01-07,1986,1986,1,5,1,"투수"
"차동철",1963-01-27,1986,1997,12,323,1,"투수"
"김수길",1963-02-01,1986,1990,5,132,2,"타자"
"이창원",1963-02-22,1986,1993,7,221,2,"타자"
"민경삼",1963-02-24,1986,1992,7,560,2,"타자"
"임경택",1963-03-02,1986,1992,6,149,3,"타자"
"김상국",1963-04-05,1986,1997,12,1092,4,"타자"
"이건열",1963-04-25,1986,1997,12,896,4,"타자"
"구윤",1963-06-18,1986,1994,9,399,6,"타자"
"김성현",1963-08-21,1986,1998,10,622,8,"타자"
"김건우",1963-08-30,1986,1997,6,94,8,"투수"
"최계영",1963-09-03,1986,1993,8,593,9,"타자"
"김평호",1963-12-23,1986,1992,5,458,12,"타자"
"김태원",1964-01-28,1986,1998,12,273,1,"투수"
"김동기",1964-03-05,1986,1996,11,1019,3,"타자"
"장채근",1964-03-28,1986,1995,10,734,3,"타자"
"신성철",1964-08-10,1986,1986,1,1,8,"타자"
"김종문",1964-11-10,1986,1991,6,70,11,"타자"
"손문곤",1965-01-29,1986,1992,6,93,1,"투수"
"최동창",1965-06-07,1986,1994,9,371,6,"타자"
"박형열",1967-11-13,1986,1991,4,42,11,"투수"
"김경호",1972-04-24,1986,1986,1,3,4,"타자"
"김윤환",1957-08-01,1987,1991,5,457,8,"타자"
"김영직",1960-09-26,1987,1995,9,715,9,"타자"
"정태관",1961-06-05,1987,1988,2,9,6,"타자"
"김강익",1961-12-05,1987,1989,3,22,12,"투수"
"이재성",1962-04-24,1987,1991,5,112,4,"타자"
"이척기",1962-05-25,1987,1990,4,18,5,"투수"
"이동수",1962-08-05,1987,1988,2,9,8,"투수"
"안대환",1962-09-14,1987,1993,7,387,9,"타자"
"김경남",1963-01-07,1987,1987,1,2,1,"투수"
"이연수",1963-03-03,1987,1999,9,299,3,"타자"
"김정수",1963-03-15,1987,1992,5,139,3,"타자"
"김대중",1963-03-16,1987,1992,6,135,3,"투수"
"류중일",1963-04-28,1987,1999,13,1095,4,"타자"
"황윤태",1963-05-08,1987,1989,3,57,5,"타자"
"박태호",1963-05-13,1987,1992,6,204,5,"타자"
"백인호",1963-05-19,1987,1999,12,953,5,"타자"
"이정훈",1963-08-28,1987,1997,11,918,8,"타자"
"이상훈",1963-10-22,1987,1992,5,67,10,"투수"
"이동석",1964-01-11,1987,1993,7,123,1,"투수"
"이중화",1964-02-11,1987,1996,10,711,2,"타자"
"최진영",1964-03-04,1987,1988,2,2,3,"투수"
"장태수",1964-03-15,1987,1990,4,65,3,"투수"
"김만후",1964-03-26,1987,1992,3,202,3,"타자"
"박철우",1964-04-12,1987,1998,12,961,4,"타자"
"김종갑",1964-06-18,1987,1992,6,218,6,"타자"
"김종석",1964-07-15,1987,1993,6,96,7,"투수"
"조재환",1964-11-19,1987,1990,4,217,11,"타자"
"정국헌",1964-11-25,1987,1990,4,48,11,"타자"
"정상진",1964-12-10,1987,1992,5,165,12,"타자"
"조용호",1965-02-13,1987,1993,6,361,2,"타자"
"전종화",1965-08-10,1987,1997,10,355,8,"타자"
"송유석",1966-07-16,1987,2001,15,467,7,"투수"
"최창호",1966-11-08,1987,2002,16,510,11,"투수"
"장종훈",1968-04-10,1987,2005,19,1950,4,"타자"
"박현영",1968-08-30,1987,1998,11,522,8,"타자"
"곽동열",1955-05-10,1988,1989,2,42,5,"타자"
"박상국",1960-09-06,1988,1992,5,229,9,"타자"
"이상구",1963-02-27,1988,1991,4,63,2,"투수"
"임채섭",1963-12-25,1988,1989,2,4,12,"타자"
"이홍식",1964-01-30,1988,1989,2,77,1,"타자"
"김광윤",1964-03-05,1988,1990,2,19,3,"타자"
"조양근",1964-03-22,1988,1994,7,533,3,"타자"
"조상헌",1964-05-03,1988,1989,2,30,5,"타자"
"박성현",1964-07-02,1988,1988,1,3,7,"타자"
"장정순",1964-08-01,1988,1997,9,176,8,"투수"
"이현택",1964-09-28,1988,1992,5,207,9,"타자"
"차영석",1964-10-06,1988,1989,2,26,10,"타자"
"여태구",1964-12-10,1988,1995,8,589,12,"타자"
"정윤수",1964-12-17,1988,1993,6,116,12,"투수"
"김용희",1964-12-20,1988,1989,2,64,12,"타자"
"송형석",1965-01-28,1988,1988,1,6,1,"타자"
"오효근",1965-02-13,1988,1990,3,26,2,"타자"
"구명근",1965-02-21,1988,1989,2,12,2,"투수"
"서창기",1965-03-07,1988,1992,4,202,3,"타자"
"길홍규",1965-03-31,1988,1996,9,364,3,"타자"
"문병권",1965-04-04,1988,1993,6,147,4,"투수"
"유동효",1965-04-16,1988,1994,6,435,4,"타자"
"강병선",1965-05-09,1988,1988,1,1,5,"타자"
"김진규",1965-05-10,1988,1993,6,306,5,"타자"
"고정식",1965-05-15,1988,1993,4,76,5,"타자"
"안성수",1965-05-20,1988,1988,1,1,5,"투수"
"한용덕",1965-06-02,1988,2004,17,482,6,"투수"
"박상범",1965-07-07,1988,1994,6,48,7,"투수"
"홍성연",1965-07-18,1988,1991,4,71,7,"투수"
"김상호",1965-10-19,1988,2000,13,1229,10,"타자"
"유광진",1965-10-19,1988,1988,1,11,10,"타자"
"김성규",1965-12-09,1988,1993,6,357,12,"타자"
"이국성",1965-12-28,1988,1995,8,187,12,"투수"
"김원식",1966-02-13,1988,1988,1,1,2,"타자"
"신완근",1966-02-14,1988,1993,6,112,2,"투수"
"이용철",1966-10-06,1988,1994,7,109,10,"투수"
"곽권희",1966-10-14,1988,1992,4,160,10,"타자"
"양현기",1966-11-20,1988,1988,1,12,11,"타자"
"원원근",1967-03-02,1988,1995,8,458,3,"타자"
"김승태",1969-03-07,1988,1988,1,1,3,"타자"
"박정현",1969-07-10,1988,2000,12,253,7,"투수"
"서정용",1969-09-05,1988,1991,4,51,9,"투수"
"하창우",1969-10-24,1988,1994,7,30,10,"투수"
"지성규",1969-11-15,1988,1990,3,17,11,"투수"
"김선훈",1969-12-16,1988,1989,2,17,12,"타자"
"정명진",1961-11-13,1989,1992,4,34,11,"투수"
"김진규",1962-06-30,1989,1992,4,105,6,"투수"
"김건우",1963-08-30,1989,1993,3,150,8,"타자"
"이재홍",1963-09-24,1989,1993,4,87,9,"투수"
"강기웅",1964-02-25,1989,1996,8,672,2,"타자"
"김덕근",1964-03-01,1989,1992,4,43,3,"투수"
"조계현",1964-05-01,1989,2001,13,320,5,"투수"
"김진한",1964-05-19,1989,1992,4,126,5,"타자"
"최해명",1964-12-25,1989,1993,5,240,12,"타자"
"노찬엽",1965-01-15,1989,1997,9,884,1,"타자"
"강영수",1965-02-10,1989,1998,10,828,2,"타자"
"이종옥",1965-03-11,1989,1992,4,26,3,"타자"
"이광우",1965-03-14,1989,2002,14,318,3,"투수"
"장호익",1965-05-11,1989,1989,1,38,5,"타자"
"현남수",1965-07-14,1989,1991,3,112,7,"타자"
"김선일",1965-08-02,1989,1996,8,460,8,"타자"
"허정욱",1965-08-04,1989,1991,3,41,8,"투수"
"유명선",1965-09-03,1989,1996,8,165,9,"투수"
"노민승",1965-11-20,1989,1989,1,5,11,"투수"
"김기범",1965-12-13,1989,1999,11,391,12,"투수"
"김응국",1966-01-14,1989,2003,15,1440,1,"타자"
"안민석",1966-02-07,1989,1989,1,29,2,"타자"
"송진우",1966-02-16,1989,2009,21,672,2,"투수"
"윤동배",1966-03-03,1989,1996,7,76,3,"투수"
"이재호",1966-03-07,1989,1989,1,2,3,"타자"
"손경호",1966-03-10,1989,1990,2,8,3,"타자"
"문승훈",1966-03-14,1989,1992,4,109,3,"타자"
"이종운",1966-04-06,1989,1998,10,739,4,"타자"
"이희성",1966-05-02,1989,1997,9,643,5,"타자"
"이강철",1966-05-24,1989,2005,16,602,5,"투수"
"정명원",1966-06-14,1989,2000,12,395,6,"투수"
"하용석",1966-06-23,1989,1989,1,4,6,"타자"
"박선일",1966-07-22,1989,1996,8,287,7,"타자"
"이명수",1966-07-29,1989,2001,13,1219,7,"타자"
"김청수",1966-08-06,1989,1994,6,120,8,"투수"
"김태완",1966-08-20,1989,1991,3,140,8,"타자"
"서호진",1966-08-25,1989,1993,4,104,8,"투수"
"이진",1966-09-15,1989,1993,4,82,9,"투수"
"김동현",1966-10-12,1989,1993,5,116,10,"투수"
"김풍기",1966-10-19,1989,1990,2,16,10,"타자"
"김락기",1966-10-28,1989,1993,5,70,10,"투수"
"한명수",1966-11-13,1989,1990,2,8,11,"투수"
"김상우",1966-12-14,1989,1994,6,131,12,"타자"
"구동우",1966-12-27,1989,1994,6,146,12,"투수"
"나웅",1967-01-11,1989,1995,6,292,1,"타자"
"이상대",1967-01-18,1989,1994,6,350,1,"타자"
"최훈재",1967-01-21,1989,2001,13,1054,1,"타자"
"박성훈",1967-01-23,1989,1990,2,44,1,"타자"
"김인호",1967-01-26,1989,2001,13,1065,1,"타자"
"이종호",1967-02-15,1989,1996,8,570,2,"타자"
"박준태",1967-02-22,1989,1998,10,720,2,"타자"
"강종필",1967-02-28,1989,1997,7,427,2,"타자"
"윤재호",1967-03-06,1989,1996,8,615,3,"타자"
"곽연수",1967-03-18,1989,1994,6,299,3,"타자"
"황대연",1967-07-20,1989,1996,7,550,7,"타자"
"이승범",1967-07-27,1989,1989,1,4,7,"타자"
"나광남",1967-08-05,1989,1991,3,104,8,"타자"
"강석천",1967-12-07,1989,2003,15,1457,12,"타자"
"성군철",1968-05-25,1989,1992,4,156,5,"타자"
"조진구",1969-02-10,1989,1989,1,10,2,"투수"
"강규성",1969-03-25,1989,1994,3,16,3,"투수"
"김형균",1969-05-14,1989,1991,3,27,5,"투수"
"정종헌",1969-07-12,1989,1989,1,1,7,"투수"
"이주헌",1969-11-17,1989,1989,1,3,11,"투수"
"손창현",1970-01-01,1989,1989,1,1,1,"투수"
"정존수",1970-01-23,1989,1990,2,5,1,"타자"
"김기홍",1970-02-26,1989,1993,4,90,2,"타자"
"이상번",1970-03-05,1989,1997,8,135,3,"투수"
"박정은",1970-04-15,1989,1989,1,2,4,"투수"
"송명철",1970-05-01,1989,1995,5,23,5,"타자"
"박용준",1970-06-17,1989,1994,6,102,6,"투수"
"박병호",1970-07-09,1989,1996,7,160,7,"타자"
"김용선",1970-08-09,1989,1997,9,410,8,"타자"
"유창균",1970-10-23,1989,1989,1,1,10,"투수"
"이경복",1970-11-19,1989,1998,10,370,11,"타자"
"추상완",1971-01-28,1989,1989,1,1,1,"타자"
"이은승",1971-02-12,1989,1997,9,40,2,"투수"
"홍길남",1971-02-24,1989,1997,8,54,2,"투수"
"김종석",1971-02-28,1989,2004,15,974,2,"타자"
"강태원",1971-05-15,1989,2001,13,355,5,"투수"
"정동해",1971-10-28,1989,1989,1,2,10,"투수"
"이효봉",1963-01-26,1990,1990,1,7,1,"투수"
"박은진",1964-09-27,1990,1990,1,1,9,"타자"
"진상봉",1965-04-06,1990,1997,8,399,4,"타자"
"조찬관",1965-06-20,1990,1990,1,1,6,"타자"
"정삼룡",1965-09-20,1990,1992,3,71,9,"타자"
"유태완",1965-09-28,1990,1990,1,13,9,"타자"
"김보선",1966-03-15,1990,1992,3,37,3,"투수"
"윤성훈",1966-06-04,1990,1992,3,150,6,"타자"
"김창기",1966-07-25,1990,1990,1,1,7,"투수"
"김종헌",1966-07-27,1990,2000,11,825,7,"타자"
"김성재",1966-10-08,1990,1990,1,9,10,"타자"
"지화동",1967-01-20,1990,1994,5,404,1,"타자"
"유충돌",1967-02-12,1990,1991,2,33,2,"타자"
"이태일",1967-04-09,1990,1996,6,129,4,"투수"
"김성일",1967-05-03,1990,1992,3,162,5,"타자"
"최현준",1967-05-03,1990,1992,3,17,5,"투수"
"김선진",1967-05-05,1990,2000,11,816,5,"타자"
"이병훈",1967-05-17,1990,1996,7,515,5,"타자"
"박홍철",1967-06-12,1990,1993,3,8,6,"타자"
"최용철",1967-06-25,1990,1990,1,2,6,"타자"
"이호성",1967-07-17,1990,2001,12,1090,7,"타자"
"김도형",1967-07-28,1990,1991,2,15,7,"투수"
"손길호",1967-08-03,1990,1991,2,109,8,"타자"
"서준룡",1967-08-29,1990,1991,2,21,8,"타자"
"김태형",1967-09-12,1990,2001,12,827,9,"타자"
"김우현",1967-10-13,1990,1990,1,4,10,"타자"
"최광천",1967-10-28,1990,1990,1,2,10,"타자"
"공필성",1967-11-11,1990,2000,11,1184,11,"타자"
"박동희",1968-01-04,1990,2001,12,251,1,"투수"
"강형석",1968-01-07,1990,1997,7,240,1,"타자"
"임형석",1968-01-29,1990,1997,8,628,1,"타자"
"전봉석",1968-02-28,1990,1997,6,78,2,"타자"
"김력",1968-02-28,1990,1993,3,8,2,"투수"
"김경기",1968-04-05,1990,2001,12,1182,4,"타자"
"강광회",1968-06-23,1990,1994,3,33,6,"타자"
"김종철",1968-07-18,1990,1993,4,34,7,"투수"
"정회열",1968-10-09,1990,1999,10,621,10,"타자"
"김동수",1968-10-27,1990,2009,20,2039,10,"타자"
"원근호",1968-11-13,1990,1990,1,4,11,"투수"
"조정수",1969-05-02,1990,1991,2,13,5,"투수"
"최달호",1969-09-02,1990,1992,3,27,9,"타자"
"강호규",1970-04-28,1990,1990,1,1,4,"타자"
"강민기",1970-08-27,1990,1990,1,9,8,"투수"
"조영상",1970-10-26,1990,1993,4,52,10,"투수"
"박인구",1970-12-30,1990,1993,4,70,12,"타자"
"이규창",1971-02-26,1990,1992,3,13,2,"타자"
"이상훈",1971-03-21,1990,2004,15,339,3,"투수"
"최향남",1971-03-28,1990,2013,15,293,3,"투수"
"손병희",1971-04-20,1990,1991,2,18,4,"투수"
"이상목",1971-04-25,1990,2008,17,439,4,"투수"
"강대성",1971-05-09,1990,1995,4,11,5,"투수"
"이동채",1971-06-01,1990,1994,3,58,6,"타자"
"조필현",1971-07-05,1990,1994,4,111,7,"타자"
"최치용",1971-07-16,1990,1990,1,6,7,"타자"
"서정필",1971-08-05,1990,1990,1,3,8,"투수"
"권영구",1971-08-20,1990,1990,1,6,8,"투수"
"최태영",1971-08-30,1990,1990,1,1,8,"투수"
"양민석",1971-10-23,1990,1991,2,4,10,"타자"
"권준헌",1971-12-01,1990,1999,10,475,12,"타자"
"장주덕",1972-01-05,1990,1992,3,15,1,"타자"
"김병두",1972-01-23,1990,1993,4,60,1,"타자"
"박현수",1972-01-28,1990,1992,3,39,1,"타자"
"임진수",1972-02-21,1990,1991,2,7,2,"타자"
"정성훈",1972-05-17,1990,1991,2,3,5,"타자"
"정경훈",1972-05-22,1990,1999,10,704,5,"타자"
"홍현우",1972-09-28,1990,2005,16,1483,9,"타자"
"노병오",1983-09-07,1990,2007,6,57,9,"투수"
"구동환",1963-03-07,1991,1991,1,3,3,"타자"
"최재룡",1964-06-15,1991,1991,1,28,6,"타자"
"정인조",1964-11-23,1991,1991,1,2,11,"투수"
"정영진",1965-11-22,1991,1993,3,189,11,"타자"
"진정필",1966-02-10,1991,1991,1,2,2,"타자"
"송진우",1966-02-16,1991,2001,4,5,2,"타자"
"김영운",1966-04-14,1991,1991,1,1,4,"타자"
"김기완",1966-06-04,1991,1991,1,9,6,"투수"
"신동수",1966-10-01,1991,1991,1,1,10,"타자"
"최준호",1966-10-20,1991,1993,2,30,10,"타자"
"김태석",1967-02-12,1991,2002,11,250,2,"투수"
"김경수",1967-04-09,1991,1993,3,24,4,"타자"
"김호",1967-05-03,1991,2002,11,1170,5,"타자"
"윤혁",1967-05-22,1991,1995,4,199,5,"타자"
"구대진",1967-06-02,1991,1991,1,7,6,"투수"
"공봉구",1967-07-18,1991,1991,1,48,7,"타자"
"이용호",1967-08-28,1991,1991,1,1,8,"투수"
"조규제",1967-10-07,1991,2005,15,508,10,"투수"
"양용모",1967-12-20,1991,2002,10,746,12,"타자"
"박진석",1968-01-08,1991,2000,9,171,1,"투수"
"최우석",1968-01-15,1991,1991,1,2,1,"투수"
"권영일",1968-01-16,1991,1992,2,8,1,"투수"
"염경엽",1968-03-01,1991,2000,10,896,3,"타자"
"권영진",1968-03-15,1991,1996,3,5,3,"투수"
"박일현",1968-03-20,1991,1991,1,8,3,"타자"
"이종택",1968-03-26,1991,1991,1,7,3,"타자"
"김원근",1968-04-07,1991,1995,4,60,4,"타자"
"백성진",1968-04-09,1991,1997,4,127,4,"타자"
"강진규",1968-05-30,1991,1992,2,36,5,"타자"
"임성우",1968-06-02,1991,1993,3,54,6,"타자"
"김기덕",1968-06-04,1991,2002,12,325,6,"투수"
"윤용하",1968-06-07,1991,1994,4,234,6,"타자"
"송구홍",1968-06-23,1991,2000,9,712,6,"타자"
"김기덕",1968-07-02,1991,1996,4,36,7,"투수"
"오희주",1968-07-02,1991,1995,4,33,7,"투수"
"전일수",1968-07-02,1991,1994,3,37,7,"투수"
"김익재",1968-07-23,1991,1999,9,205,7,"투수"
"정학원",1968-08-03,1991,1995,3,68,8,"타자"
"강남규",1968-08-04,1991,1991,1,2,8,"타자"
"김동수",1968-08-04,1991,1991,1,20,8,"투수"
"이승배",1968-08-15,1991,1991,1,2,8,"투수"
"김석연",1968-08-16,1991,1993,3,71,8,"타자"
"이영재",1968-09-02,1991,1993,3,32,9,"타자"
"주경업",1968-09-02,1991,1993,3,58,9,"타자"
"나진균",1968-09-25,1991,1991,1,11,9,"타자"
"임주택",1968-09-25,1991,2002,12,851,9,"타자"
"최해식",1968-09-30,1991,2000,10,682,9,"타자"
"김홍기",1968-10-03,1991,1993,3,84,10,"타자"
"강길용",1968-10-14,1991,1999,9,237,10,"투수"
"박기택",1968-11-10,1991,1995,4,94,11,"타자"
"소순배",1968-11-19,1991,1991,1,3,11,"타자"
"이석구",1968-11-20,1991,1991,1,3,11,"투수"
"김기열",1968-11-23,1991,1991,1,7,11,"투수"
"박천유",1968-12-22,1991,1991,1,4,12,"타자"
"송인호",1968-12-27,1991,1997,7,430,12,"타자"
"김인권",1968-12-28,1991,1993,3,67,12,"투수"
"박성기",1969-01-20,1991,1999,9,220,1,"투수"
"고승훈",1969-01-21,1991,1991,1,1,1,"타자"
"박정태",1969-01-27,1991,2004,13,1167,1,"타자"
"오종우",1969-02-07,1991,1992,2,6,2,"투수"
"전준호",1969-02-15,1991,2009,19,2091,2,"타자"
"김기태",1969-05-23,1991,2005,15,1544,5,"타자"
"김상진",1970-03-15,1991,2003,13,359,3,"투수"
"김민태",1970-03-23,1991,1998,8,139,3,"투수"
"김상엽",1970-05-11,1991,1992,2,4,5,"타자"
"김정훈",1970-07-29,1991,1991,1,7,7,"타자"
"배현우",1970-11-02,1991,1991,1,3,11,"투수"
"전태건",1971-02-06,1991,1991,1,3,2,"투수"
"가내영",1971-03-29,1991,2003,13,291,3,"투수"
"안명호",1971-05-14,1991,1993,2,80,5,"타자"
"이병석",1971-05-17,1991,2003,10,235,5,"투수"
"김인철",1971-07-14,1991,2007,9,381,7,"타자"
"최덕현",1971-07-26,1991,1992,2,12,7,"타자"
"양회열",1971-09-09,1991,1996,5,204,9,"타자"
"박종철",1971-10-12,1991,1995,4,27,10,"투수"
"임돈영",1971-11-02,1991,1991,1,19,11,"타자"
"최한림",1971-11-15,1991,1997,7,163,11,"투수"
"박규대",1972-01-15,1991,1999,6,59,1,"타자"
"이근엽",1972-01-21,1991,1999,8,406,1,"타자"
"이상범",1972-02-03,1991,1992,2,5,2,"투수"
"정재훈",1972-03-14,1991,1991,1,7,3,"타자"
"신상윤",1972-03-22,1991,1997,7,33,3,"투수"
"이우수",1972-04-20,1991,1996,6,284,4,"타자"
"김태형",1972-04-25,1991,1996,6,161,4,"투수"
"강병규",1972-05-20,1991,2000,10,247,5,"투수"
"김성철",1972-06-23,1991,1991,1,2,6,"타자"
"김승남",1972-06-28,1991,1997,5,84,6,"투수"
"김원형",1972-07-05,1991,2010,20,545,7,"투수"
"박경완",1972-07-11,1991,2013,23,2043,7,"타자"
"유성기",1972-10-09,1991,1993,3,13,10,"타자"
"최영술",1972-10-28,1991,1994,4,37,10,"타자"
"이종민",1972-12-25,1991,2002,10,794,12,"타자"
"손영철",1972-12-27,1991,1996,5,45,12,"투수"
"김민재",1973-01-03,1991,2009,19,2111,1,"타자"
"이종열",1973-01-28,1991,2009,18,1654,1,"타자"
"김일훈",1973-02-28,1991,1995,3,14,2,"타자"
"김재덕",1973-05-01,1991,1998,6,130,5,"타자"
"김성식",1975-05-23,1991,1993,3,34,5,"투수"
"김만조",1966-10-12,1992,1993,2,2,10,"투수"
"황태호",1967-04-11,1992,1992,1,1,4,"투수"
"장광호",1967-04-14,1992,2001,10,649,4,"타자"
"김미호",1967-10-07,1992,1997,6,170,10,"타자"
"김석기",1967-10-07,1992,1997,6,128,10,"투수"
"강현철",1968-02-15,1992,1993,2,9,2,"타자"
"박철희",1968-02-15,1992,1992,1,23,2,"타자"
"김태룡",1968-02-23,1992,2002,10,620,2,"타자"
"김상재",1968-04-24,1992,1994,3,143,4,"타자"
"김상현",1968-04-28,1992,1997,6,165,4,"투수"
"장덕영",1968-06-03,1992,1993,2,19,6,"타자"
"오봉옥",1968-07-08,1992,2006,15,488,7,"투수"
"박재벌",1968-09-17,1992,1998,7,393,9,"타자"
"신현대",1969-01-29,1992,1992,1,5,1,"투수"
"유영환",1969-02-15,1992,1994,3,79,2,"타자"
"임창식",1969-03-07,1992,1999,6,118,3,"투수"
"배숙현",1969-03-30,1992,1992,1,2,3,"투수"
"윤형배",1969-04-20,1992,1999,8,163,4,"투수"
"차명석",1969-04-20,1992,2001,10,365,4,"투수"
"강두곤",1969-04-29,1992,1995,4,74,4,"타자"
"김병조",1969-05-02,1992,1997,6,297,5,"타자"
"이요섭",1969-05-02,1992,1992,1,2,5,"투수"
"김정민",1969-05-24,1992,1992,1,2,5,"타자"
"장원진",1969-06-15,1992,2007,15,1500,6,"타자"
"한기철",1969-06-20,1992,1997,4,244,6,"타자"
"김유진",1969-06-25,1992,1999,4,38,6,"투수"
"민원기",1969-07-05,1992,1998,7,166,7,"투수"
"이상현",1969-07-15,1992,1993,2,8,7,"투수"
"신일호",1969-08-12,1992,1992,1,19,8,"타자"
"지연규",1969-08-15,1992,2006,11,132,8,"투수"
"김형태",1969-09-07,1992,1992,1,2,9,"타자"
"유영원",1969-09-08,1992,1993,2,27,9,"타자"
"김홍집",1969-09-16,1992,1994,3,22,9,"타자"
"가득염",1969-10-01,1992,2010,19,800,10,"투수"
"서정민",1969-10-10,1992,1995,3,63,10,"타자"
"박지환",1969-10-20,1992,1997,6,133,10,"타자"
"김태한",1969-10-22,1992,2003,10,318,10,"투수"
"권명철",1969-10-28,1992,2004,11,247,10,"투수"
"박철수",1969-11-16,1992,1992,1,7,11,"투수"
"유태영",1969-12-12,1992,1992,1,7,12,"타자"
"김상모",1969-12-19,1992,1992,1,1,12,"타자"
"동봉철",1970-01-02,1992,1999,8,750,1,"타자"
"강성우",1970-01-05,1992,2005,14,958,1,"타자"
"구한성",1970-01-07,1992,1998,6,161,1,"타자"
"조만형",1970-01-12,1992,1992,1,8,1,"타자"
"김일혁",1970-01-26,1992,1995,3,132,1,"타자"
"박계원",1970-02-04,1992,2002,9,717,2,"타자"
"우효동",1970-02-09,1992,1994,2,21,2,"타자"
"김정준",1970-02-11,1992,1992,1,5,2,"타자"
"안경현",1970-02-13,1992,2010,19,1766,2,"타자"
"박광율",1970-02-27,1992,1992,1,1,2,"타자"
"정민태",1970-03-01,1992,2008,15,290,3,"투수"
"조경택",1970-11-25,1992,2003,12,770,11,"타자"
"김태동",1970-12-12,1992,1995,3,25,12,"타자"
"김성준",1971-06-21,1992,1992,1,1,6,"투수"
"노석기",1971-08-04,1992,1992,1,3,8,"투수"
"문귀석",1971-09-14,1992,1992,1,8,9,"투수"
"김형택",1971-10-11,1992,1992,1,8,10,"투수"
"조중석",1972-03-02,1992,1992,1,3,3,"투수"
"정민철",1972-03-28,1992,2009,16,393,3,"투수"
"김효용",1972-05-10,1992,1992,1,2,5,"타자"
"김흥만",1972-06-10,1992,1992,1,3,6,"투수"
"전상렬",1972-06-12,1992,2008,16,1196,6,"타자"
"전종진",1972-08-06,1992,1992,1,8,8,"타자"
"박상현",1972-08-18,1992,1998,6,185,8,"타자"
"나성열",1972-09-09,1992,1998,7,48,9,"투수"
"오상욱",1972-10-06,1992,1992,1,1,10,"타자"
"김성기",1972-10-24,1992,1993,2,20,10,"타자"
"임규대",1972-11-02,1992,1994,2,9,11,"투수"
"이전진",1972-11-14,1992,1996,4,30,11,"타자"
"신동주",1972-12-14,1992,2006,15,1041,12,"타자"
"김봉영",1973-02-25,1992,1997,5,45,2,"투수"
"염종석",1973-03-20,1992,2008,16,356,3,"투수"
"양승철",1973-04-04,1992,1994,3,50,4,"투수"
"박종호",1973-07-27,1992,2009,17,1539,7,"타자"
"안병원",1973-10-03,1992,2003,12,224,10,"투수"
"이재주",1973-12-25,1992,2009,17,981,12,"타자"
"이태환",1974-03-09,1992,1994,3,19,3,"타자"
"황윤성",1974-03-14,1992,2005,12,258,3,"타자"
"김인철",1974-08-12,1992,1994,2,20,8,"타자"
"조병일",1967-12-09,1993,1994,2,19,12,"타자"
"노춘섭",1968-08-05,1993,1995,3,18,8,"투수"
"조규철",1969-03-15,1993,1999,7,248,3,"타자"
"김민호",1969-03-19,1993,2003,11,1113,3,"타자"
"전호근",1969-05-02,1993,1993,1,1,5,"타자"
"양준혁",1969-05-26,1993,2010,18,2135,5,"타자"
"황일권",1969-06-09,1993,1997,4,139,6,"타자"
"김종성",1969-07-23,1993,1995,3,126,7,"타자"
"구대성",1969-08-02,1993,2010,13,569,8,"투수"
"이민호",1969-09-02,1993,2000,8,555,9,"타자"
"김성열",1969-10-06,1993,1994,2,34,10,"타자"
"김충민",1970-03-05,1993,2000,8,415,3,"타자"
"김훈",1970-03-11,1993,1998,5,239,3,"타자"
"김정민",1970-03-15,1993,2009,16,696,3,"타자"
"원현식",1970-03-15,1993,1994,2,26,3,"타자"
"이용석",1970-03-20,1993,1993,1,63,3,"타자"
"송태일",1970-04-05,1993,1996,4,215,4,"타자"
"김정훈",1970-04-06,1993,1994,2,15,4,"투수"
"최홍주",1970-04-23,1993,1995,3,6,4,"타자"
"이용호",1970-05-06,1993,2002,7,95,5,"투수"
"지화선",1970-05-10,1993,1997,5,229,5,"타자"
"허준",1970-05-29,1993,2004,12,1001,5,"타자"
"고기성",1970-06-27,1993,1998,6,249,6,"타자"
"박상근",1970-07-05,1993,2001,7,119,7,"투수"
"김현욱",1970-07-06,1993,2004,10,519,7,"투수"
"이재만",1970-07-14,1993,1999,6,89,7,"투수"
"추성건",1970-08-05,1993,2001,7,391,8,"타자"
"손차훈",1970-08-11,1993,2001,9,485,8,"타자"
"김갑중",1970-08-15,1993,1999,5,223,8,"타자"
"이종범",1970-08-15,1993,2011,16,1706,8,"타자"
"최태원",1970-08-19,1993,2003,11,1284,8,"타자"
"이민호",1970-08-25,1993,1996,2,12,8,"타자"
"박충식",1970-09-03,1993,2002,9,241,9,"투수"
"공의식",1970-09-20,1993,1997,3,168,9,"타자"
"김경하",1970-10-10,1993,1996,3,157,10,"타자"
"최규하",1970-10-10,1993,1996,3,38,10,"타자"
"한혁수",1970-10-11,1993,1995,3,134,10,"타자"
"당신상",1970-10-15,1993,1994,2,7,10,"타자"
"정영규",1970-11-03,1993,2001,9,655,11,"타자"
"계기범",1970-12-29,1993,1997,4,76,12,"타자"
"박기복",1971-01-16,1993,1995,2,10,1,"타자"
"김홍집",1971-01-30,1993,2003,11,255,1,"투수"
"이지환",1971-03-09,1993,1998,6,126,3,"타자"
"성영재",1971-03-09,1993,2004,12,304,3,"투수"
"이상훈",1971-03-11,1993,2004,8,308,3,"투수"
"권재광",1971-04-27,1993,1996,4,64,4,"타자"
"김경원",1971-08-18,1993,2001,9,303,8,"투수"
"강봉수",1971-12-09,1993,1996,4,131,12,"투수"
"신경호",1972-03-07,1993,1993,1,3,3,"타자"
"허삼영",1972-06-08,1993,1995,2,4,6,"투수"
"우태원",1972-07-24,1993,1994,2,16,7,"타자"
"김정수",1972-11-16,1993,1996,2,7,11,"타자"
"조용수",1973-06-25,1993,1993,1,2,6,"투수"
"김선우",1973-07-02,1993,1993,1,12,7,"타자"
"곽재성",1973-07-24,1993,1993,1,2,7,"투수"
"이경호",1973-09-07,1993,1993,1,13,9,"타자"
"소상영",1973-10-29,1993,1997,5,91,10,"타자"
"강효섭",1973-11-16,1993,1996,4,41,11,"타자"
"정호진",1974-01-05,1993,1998,5,79,1,"타자"
"오명종",1974-01-14,1993,1993,1,5,1,"타자"
"노승욱",1974-03-10,1993,2006,10,243,3,"투수"
"김성준",1974-05-20,1993,1993,1,2,5,"타자"
"양윤기",1974-05-22,1993,1996,2,3,5,"투수"
"노장진",1974-08-10,1993,2006,11,406,8,"투수"
"고성범",1974-09-13,1993,1995,3,11,9,"투수"
"장용대",1974-10-23,1993,2001,8,116,10,"타자"
"최한경",1974-11-20,1993,1996,4,88,11,"투수"
"박진철",1975-02-28,1993,2002,8,135,2,"투수"
"이우혁",1975-06-17,1993,1999,4,41,6,"투수"
"임성주",1965-05-02,1994,1996,3,28,5,"타자"
"하득인",1966-10-09,1994,1997,4,326,10,"타자"
"길랑균",1968-10-14,1994,1994,1,8,10,"타자"
"방극천",1969-03-19,1994,1995,2,2,3,"투수"
"박재용",1969-06-16,1994,2000,7,546,6,"타자"
"임수혁",1969-06-17,1994,2000,7,488,6,"타자"
"박철홍",1970-03-16,1994,2001,6,108,3,"투수"
"박상수",1970-06-29,1994,1994,1,3,6,"타자"
"정기창",1970-12-21,1994,1998,5,177,12,"타자"
"서용빈",1971-01-02,1994,2006,9,828,1,"타자"
"박재호",1971-02-01,1994,1994,1,10,2,"타자"
"이숭용",1971-03-10,1994,2011,18,2001,3,"타자"
"김신",1971-03-15,1994,1994,1,2,3,"타자"
"윤기수",1971-03-19,1994,1996,3,153,3,"타자"
"이승환",1971-03-20,1994,1994,1,6,3,"투수"
"한태균",1971-03-22,1994,2003,9,191,3,"투수"
"최상덕",1971-03-31,1994,2009,15,278,3,"투수"
"조원우",1971-04-08,1994,2008,15,1368,4,"타자"
"고형욱",1971-04-17,1994,1999,5,98,4,"투수"
"김성한",1971-04-17,1994,1997,4,48,4,"투수"
"장재중",1971-05-19,1994,2003,10,596,5,"타자"
"유지현",1971-05-25,1994,2004,11,1108,5,"타자"
"감병훈",1971-05-25,1994,1999,6,30,5,"투수"
"최호원",1971-06-14,1994,1999,4,28,6,"투수"
"강상수",1971-06-22,1994,2006,13,450,6,"투수"
"손동일",1971-07-05,1994,1999,6,203,7,"타자"
"곽병찬",1971-07-15,1994,1996,3,11,7,"투수"
"최재영",1971-08-05,1994,1994,1,6,8,"투수"
"임채영",1971-08-07,1994,1996,3,82,8,"타자"
"김성",1971-08-10,1994,1996,2,32,8,"타자"
"김태균",1971-08-19,1994,2007,14,1234,8,"타자"
"최동수",1971-09-11,1994,2013,19,1293,9,"타자"
"인현배",1971-10-04,1994,2000,5,45,10,"투수"
"김광현",1971-10-07,1994,1999,6,77,10,"타자"
"김성태",1971-10-10,1994,1997,3,71,10,"타자"
"길배진",1971-10-19,1994,1994,1,8,10,"투수"
"김한수",1971-10-30,1994,2007,14,1497,10,"타자"
"전형도",1971-10-30,1994,2001,8,387,10,"타자"
"나영철",1971-10-30,1994,1995,2,5,10,"투수"
"정진식",1971-11-15,1994,2001,5,87,11,"타자"
"홍우태",1971-11-19,1994,2001,8,153,11,"투수"
"이군옥",1971-12-27,1994,1996,2,9,12,"타자"
"최찬욱",1972-01-18,1994,1995,2,22,1,"타자"
"최병국",1972-01-22,1994,1994,1,5,1,"타자"
"김종훈",1972-01-29,1994,2007,14,1259,1,"타자"
"최익성",1972-02-11,1994,2005,12,621,2,"타자"
"허문회",1972-02-12,1994,2003,10,523,2,"타자"
"박창현",1972-02-12,1994,1999,4,37,2,"투수"
"신진수",1972-02-28,1994,1998,5,159,2,"타자"
"최형현",1972-03-28,1994,1997,3,46,3,"타자"
"김주성",1972-05-05,1994,1996,3,171,5,"타자"
"김민국",1972-05-27,1994,1997,4,66,5,"투수"
"김종국",1972-09-25,1994,1994,1,1,9,"투수"
"장진성",1972-10-20,1994,1997,2,15,10,"타자"
"유진우",1972-11-24,1994,1995,2,20,11,"타자"
"배훈",1972-12-16,1994,1994,1,15,12,"타자"
"곽채진",1973-03-01,1994,2003,10,218,3,"투수"
"이동수",1973-03-24,1994,2003,10,674,3,"타자"
"한성곤",1973-05-22,1994,1994,1,3,5,"타자"
"김민범",1973-06-07,1994,2007,10,234,6,"투수"
"김정규",1973-08-27,1994,1999,5,41,8,"타자"
"박태웅",1974-01-16,1994,1994,1,5,1,"투수"
"강희석",1974-02-07,1994,2001,5,75,2,"투수"
"김정윤",1974-03-18,1994,1997,4,42,3,"타자"
"최승민",1974-03-21,1994,1999,5,53,3,"투수"
"지윤석",1974-04-03,1994,1994,1,4,4,"타자"
"마원성",1974-04-16,1994,1996,2,14,4,"투수"
"김지영",1974-04-21,1994,2002,7,130,4,"타자"
"서정민",1974-06-08,1994,1994,1,10,6,"투수"
"강석",1974-07-01,1994,1994,1,7,7,"타자"
"공유선",1974-08-12,1994,1994,1,13,8,"타자"
"유태준",1975-01-22,1994,1994,1,5,1,"타자"
"박종무",1975-03-03,1994,1994,1,8,3,"타자"
"이요한",1975-03-26,1994,1994,1,1,3,"타자"
"박지철",1975-04-13,1994,2009,14,307,4,"투수"
"심정수",1975-05-05,1994,2008,15,1450,5,"타자"
"박지상",1975-05-19,1994,1996,3,229,5,"타자"
"이도형",1975-05-24,1994,2010,15,1155,5,"타자"
"조연제",1975-06-21,1994,1994,1,10,6,"타자"
"문창환",1975-07-09,1994,2001,3,37,7,"투수"
"함석원",1975-07-17,1994,1998,5,62,7,"타자"
"윤민철",1975-07-25,1994,1994,1,4,7,"투수"
"박종호",1975-07-26,1994,1994,1,8,7,"타자"
"김명호",1975-08-24,1994,1994,1,8,8,"타자"
"조문식",1975-09-29,1994,2000,3,6,9,"투수"
"김재현",1975-10-02,1994,2010,16,1770,10,"타자"
"주형광",1976-03-01,1994,2007,14,386,3,"투수"
"김경환",1970-07-11,1995,1995,1,9,7,"투수"
"마해영",1970-08-14,1995,2008,14,1501,8,"타자"
"조한철",1970-08-17,1995,1995,1,17,8,"투수"
"김영일",1971-03-14,1995,1998,4,156,3,"타자"
"박종일",1972-03-09,1995,2001,6,447,3,"타자"
"송재용",1972-03-14,1995,1995,1,17,3,"투수"
"안윤호",1972-03-23,1995,1995,1,1,3,"투수"
"김병철",1972-04-01,1995,1997,2,23,4,"타자"
"이보형",1972-04-06,1995,1997,3,77,4,"타자"
"차상욱",1972-04-07,1995,1996,2,87,4,"타자"
"김영진",1972-04-09,1995,2001,6,406,4,"타자"
"서석영",1972-04-30,1995,1996,2,4,4,"타자"
"위재영",1972-05-21,1995,2006,12,350,5,"투수"
"하상도",1972-06-07,1995,1995,1,27,6,"타자"
"이원식",1972-06-15,1995,2005,9,149,6,"투수"
"강인권",1972-06-26,1995,2006,12,710,6,"타자"
"박성진",1972-07-09,1995,1997,3,16,7,"투수"
"박보현",1972-07-19,1995,2002,7,136,7,"투수"
"박석진",1972-07-19,1995,2008,13,381,7,"투수"
"공용우",1972-08-12,1995,1998,3,15,8,"투수"
"정의성",1972-08-30,1995,1995,1,21,8,"투수"
"김재걸",1972-09-07,1995,2009,13,1125,9,"타자"
"박현승",1972-09-12,1995,2008,13,1167,9,"타자"
"남상규",1972-10-09,1995,1995,1,5,10,"타자"
"신재웅",1972-10-10,1995,2002,8,133,10,"투수"
"진필중",1972-10-13,1995,2006,12,510,10,"투수"
"심재학",1972-10-18,1995,2008,14,1247,10,"타자"
"신국환",1972-10-29,1995,2002,8,469,10,"타자"
"김옥일",1972-11-14,1995,1996,2,2,11,"타자"
"김진철",1972-12-15,1995,1997,3,37,12,"투수"
"도명진",1972-12-24,1995,1995,1,13,12,"타자"
"추평호",1973-02-08,1995,1997,2,8,2,"타자"
"안상준",1973-02-13,1995,2007,13,509,2,"타자"
"심성보",1973-02-16,1995,2003,9,758,2,"타자"
"전준호",1975-04-10,1995,2011,14,339,4,"투수"
"이동우",1975-04-20,1995,1995,1,4,4,"타자"
"최희창",1975-06-13,1995,1998,4,36,6,"타자"
"김상우",1975-08-25,1995,1995,1,1,8,"타자"
"김승관",1976-03-05,1995,2007,12,220,3,"타자"
"김억만",1976-03-10,1995,1996,2,19,3,"투수"
"김승권",1976-05-01,1995,2006,10,443,5,"타자"
"박부성",1976-05-10,1995,1997,3,60,5,"투수"
"장승익",1976-06-11,1995,1997,3,14,6,"투수"
"김유봉",1976-06-29,1995,2003,6,99,6,"투수"
"박상일",1976-07-30,1995,1995,1,1,7,"타자"
"신성필",1976-08-17,1995,1996,2,41,8,"투수"
"양종성",1976-10-02,1995,1995,1,2,10,"타자"
"조현",1976-10-04,1995,2002,5,243,10,"타자"
"이용주",1976-10-31,1995,2002,6,95,10,"타자"
"김영진",1976-12-05,1995,1996,2,67,12,"타자"
"김진삼",1977-01-13,1995,2001,4,35,1,"타자"
"정수근",1977-01-20,1995,2009,15,1544,1,"타자"
"장용",1977-02-25,1995,1995,1,1,2,"투수"
"김경호",1963-04-07,1996,1996,1,10,4,"타자"
"김재성",1969-05-27,1996,1996,1,1,5,"타자"
"노종우",1969-08-29,1996,1997,2,3,8,"투수"
"박철웅",1970-04-15,1996,1997,2,12,4,"투수"
"권오영",1970-08-15,1996,1999,2,40,8,"타자"
"유필선",1970-09-06,1996,2001,6,179,9,"타자"
"권오성",1970-10-26,1996,1999,4,119,10,"타자"
"박은우",1971-05-25,1996,1996,1,1,5,"타자"
"김도완",1971-10-27,1996,1996,1,10,10,"투수"
"박석안",1972-04-20,1996,1996,1,6,4,"타자"
"최철민",1972-05-03,1996,1997,2,48,5,"타자"
"홍광천",1972-06-22,1996,1996,1,2,6,"타자"
"김대헌",1972-06-30,1996,1997,2,19,6,"타자"
"김선섭",1973-01-16,1996,2000,3,84,1,"타자"
"최원호",1973-03-13,1996,2009,14,309,3,"투수"
"김영복",1973-03-15,1996,1996,1,4,3,"투수"
"전병호",1973-03-23,1996,2008,12,431,3,"투수"
"최재호",1973-03-27,1996,2000,4,123,3,"투수"
"정영환",1973-04-10,1996,1998,3,9,4,"투수"
"장정석",1973-04-12,1996,2003,8,580,4,"타자"
"석수철",1973-04-25,1996,1996,1,114,4,"타자"
"강준기",1973-04-28,1996,1996,1,4,4,"타자"
"임수민",1973-05-31,1996,2006,9,790,5,"타자"
"김대익",1973-06-03,1996,2007,12,1193,6,"타자"
"최창양",1973-06-03,1996,2000,5,75,6,"투수"
"홍원기",1973-06-05,1996,2007,12,1043,6,"타자"
"최기문",1973-06-10,1996,2009,13,1075,6,"타자"
"설종진",1973-06-16,1996,1996,1,9,6,"타자"
"강영수",1973-06-19,1996,1996,1,35,6,"타자"
"김형남",1973-06-28,1996,1997,2,72,6,"타자"
"엄종수",1973-07-09,1996,1996,1,18,7,"타자"
"박주언",1973-07-13,1996,2002,6,79,7,"투수"
"박경호",1973-07-19,1996,1999,4,103,7,"타자"
"손혁",1973-08-01,1996,2004,8,107,8,"투수"
"오중석",1973-08-05,1996,1997,2,12,8,"타자"
"우승진",1973-08-10,1996,1996,1,6,8,"타자"
"안명성",1973-08-17,1996,1997,2,91,8,"타자"
"박재홍",1973-09-07,1996,2012,17,1797,9,"타자"
"김종국",1973-09-14,1996,2009,14,1359,9,"타자"
"김현민",1973-09-15,1996,2002,6,210,9,"타자"
"차명주",1973-09-22,1996,2006,11,613,9,"투수"
"최정환",1973-09-26,1996,1999,4,94,9,"투수"
"이영우",1973-11-27,1996,2010,13,1312,11,"타자"
"배정훈",1973-12-20,1996,1998,3,93,12,"타자"
"조효상",1974-01-26,1996,2005,10,198,1,"타자"
"홍재호",1974-02-02,1996,1996,1,3,2,"타자"
"박태순",1974-02-08,1996,1999,4,17,2,"투수"
"신영균",1974-02-16,1996,2000,5,41,2,"투수"
"정경배",1974-02-20,1996,2009,14,1322,2,"타자"
"오진희",1974-08-19,1996,1996,1,1,8,"타자"
"이용훈",1975-12-14,1996,1996,1,11,12,"투수"
"여준홍",1976-04-05,1996,1996,1,7,4,"투수"
"김정훈",1976-05-05,1996,1996,1,5,5,"투수"
"장형석",1976-06-06,1996,1997,2,5,6,"투수"
"김정한",1976-11-08,1996,1996,1,11,11,"타자"
"이재섭",1976-12-23,1996,1996,1,2,12,"투수"
"방동민",1977-01-20,1996,1996,1,5,1,"타자"
"이계성",1977-02-08,1996,2005,10,408,2,"타자"
"김상진",1977-03-09,1996,1998,3,84,3,"투수"
"하춘동",1977-04-19,1996,2002,4,60,4,"타자"
"진정민",1977-05-18,1996,1996,1,5,5,"타자"
"김수연",1977-05-28,1996,2008,10,841,5,"타자"
"황성기",1977-06-09,1996,2002,5,69,6,"타자"
"김기진",1977-07-04,1996,1996,1,4,7,"투수"
"이봉우",1977-07-30,1996,1998,3,158,7,"타자"
"한명윤",1977-09-06,1996,1998,3,50,9,"투수"
"김헌수",1977-09-07,1996,1996,1,9,9,"타자"
"이호균",1977-09-18,1996,1996,1,1,9,"타자"
"정학수",1977-12-01,1996,1996,1,3,12,"타자"
"최인선",1971-07-10,1997,1997,1,2,7,"타자"
"문동환",1972-05-08,1997,2007,10,228,5,"투수"
"문희성",1973-02-22,1997,2006,9,412,2,"타자"
"김동호",1973-05-24,1997,2002,4,65,5,"투수"
"최승우",1973-05-27,1997,1998,2,9,5,"타자"
"오철민",1973-05-28,1997,2005,9,241,5,"투수"
"허유신",1973-06-03,1997,1998,2,38,6,"타자"
"설종진",1973-06-16,1997,2000,3,5,6,"투수"
"김창희",1973-07-03,1997,2009,13,1345,7,"타자"
"박근영",1973-08-02,1997,1997,1,3,8,"타자"
"임선동",1973-08-04,1997,2006,10,130,8,"투수"
"정수찬",1973-12-01,1997,2001,4,36,12,"투수"
"임종수",1973-12-02,1997,1997,1,1,12,"타자"
"황성관",1974-01-15,1997,2001,4,213,1,"타자"
"김환조",1974-02-10,1997,1997,1,12,2,"투수"
"임봉춘",1974-02-10,1997,2002,6,37,2,"투수"
"이경태",1974-02-20,1997,1997,1,1,2,"타자"
"최만호",1974-03-04,1997,2009,12,669,3,"타자"
"송재익",1974-03-27,1997,2004,7,486,3,"타자"
"장성국",1974-03-30,1997,2002,4,36,3,"타자"
"김상현",1974-04-08,1997,1998,2,21,4,"투수"
"윤인수",1974-04-12,1997,1997,1,10,4,"타자"
"김도형",1974-04-24,1997,1997,1,11,4,"타자"
"신창수",1974-04-25,1997,1997,1,1,4,"투수"
"노상진",1974-04-26,1997,1997,1,2,4,"타자"
"강규철",1974-05-05,1997,2001,5,51,5,"타자"
"장석희",1974-05-08,1997,1997,1,19,5,"타자"
"조남기",1974-05-17,1997,1999,2,25,5,"타자"
"이경필",1974-05-21,1997,2007,8,161,5,"투수"
"이영주",1974-05-25,1997,1998,2,21,5,"타자"
"장순재",1974-06-27,1997,1997,1,5,6,"타자"
"백재호",1974-06-30,1997,2007,11,1007,6,"타자"
"이동욱",1974-07-17,1997,2003,6,143,7,"타자"
"한익희",1974-08-09,1997,1997,1,1,8,"타자"
"강대호",1974-08-15,1997,1998,2,40,8,"타자"
"안재만",1974-10-02,1997,2008,12,584,10,"타자"
"김도균",1974-10-08,1997,1997,1,9,10,"타자"
"오상민",1974-10-20,1997,2011,15,736,10,"투수"
"강신창",1974-11-10,1997,1998,2,9,11,"타자"
"전승남",1974-11-26,1997,2004,8,221,11,"투수"
"안세준",1974-12-12,1997,1997,1,4,12,"타자"
"장문석",1974-12-15,1997,2008,10,287,12,"투수"
"김영수",1975-01-15,1997,2009,11,270,1,"투수"
"변대수",1975-01-18,1997,1997,1,24,1,"투수"
"조유신",1975-02-07,1997,2000,3,74,2,"타자"
"김해님",1975-02-07,1997,2007,8,247,2,"투수"
"김형성",1976-02-28,1997,1998,2,66,2,"타자"
"최용호",1976-04-30,1997,2004,8,154,4,"투수"
"나광호",1977-01-15,1997,1998,2,10,1,"타자"
"김동현",1977-04-12,1997,1997,1,3,4,"타자"
"김민기",1977-05-19,1997,2009,11,307,5,"투수"
"심광호",1977-08-01,1997,2012,13,512,8,"타자"
"이동욱",1977-08-01,1997,1997,1,2,8,"타자"
"김형주",1977-08-11,1997,1997,1,1,8,"투수"
"임노병",1977-08-27,1997,2001,2,10,8,"타자"
"정성훈",1977-12-09,1997,2007,8,213,12,"투수"
"조승현",1978-04-05,1997,2005,5,70,4,"타자"
"이득수",1978-04-25,1997,1997,1,2,4,"타자"
"정인석",1978-10-05,1997,1999,3,6,10,"투수"
"손지환",1978-11-13,1997,2010,14,908,11,"타자"
"조경환",1972-08-27,1998,2007,10,897,8,"타자"
"안희봉",1972-10-03,1998,2001,4,43,10,"타자"
"서한규",1973-03-28,1998,2007,10,457,3,"타자"
"정원배",1973-08-01,1998,2000,3,46,8,"타자"
"곽현희",1973-08-06,1998,2004,7,117,8,"투수"
"강동우",1974-04-20,1998,2013,15,1427,4,"타자"
"문재성",1974-07-06,1998,1998,1,10,7,"타자"
"이준용",1974-08-02,1998,1998,1,25,8,"타자"
"방수환",1975-01-17,1998,1998,1,3,1,"타자"
"김상호",1975-03-11,1998,2000,3,10,3,"타자"
"윤석권",1975-03-21,1998,1998,1,3,3,"타자"
"손인호",1975-04-03,1998,2012,13,908,4,"타자"
"홍민구",1975-04-12,1998,2001,4,21,4,"투수"
"윤재국",1975-05-05,1998,2009,10,714,5,"타자"
"엄정대",1975-05-10,1998,2003,6,175,5,"타자"
"고호봉",1975-06-04,1998,1998,1,1,6,"투수"
"고승환",1975-06-07,1998,1998,1,1,6,"투수"
"이우석",1975-06-12,1998,2000,3,49,6,"타자"
"김수관",1975-08-05,1998,2002,5,100,8,"타자"
"오충원",1975-08-12,1998,1999,2,20,8,"타자"
"강민규",1975-10-10,1998,2001,3,129,10,"타자"
"조은진",1975-10-28,1998,1998,1,30,10,"타자"
"김경태",1975-11-06,1998,2009,10,206,11,"투수"
"신경현",1975-11-28,1998,2012,13,976,11,"타자"
"엄병열",1976-01-12,1998,2001,4,25,1,"투수"
"김기성",1976-02-02,1998,1998,1,8,2,"타자"
"김경진",1976-03-13,1998,1999,2,21,3,"투수"
"지승준",1977-06-07,1998,1999,2,60,6,"타자"
"이경원",1977-06-23,1998,2005,4,38,6,"투수"
"정수성",1978-03-04,1998,2013,14,722,3,"타자"
"홍의현",1978-03-12,1998,1998,1,12,3,"투수"
"이상호",1978-04-24,1998,1998,1,1,4,"타자"
"김윤일",1978-05-22,1998,1999,2,12,5,"타자"
"정인호",1978-06-06,1998,1998,1,4,6,"타자"
"류기중",1978-09-19,1998,1999,2,10,9,"투수"
"김진수",1979-04-19,1998,2009,6,122,4,"타자"
"소소경",1979-07-19,1998,2005,6,58,7,"투수"
"김수경",1979-08-20,1998,2012,15,346,8,"투수"
"김재현",1979-09-07,1998,2010,7,126,9,"투수"
"김정열",1979-12-03,1998,1999,2,7,12,"투수"
"김진웅",1980-02-20,1998,2005,8,234,2,"투수"
"조웅천",1971-03-17,1999,2008,3,7,3,"타자"
"유현승",1971-03-27,1999,1999,1,1,3,"타자"
"강필선",1972-05-31,1999,2001,3,5,5,"타자"
"심재학",1972-10-18,1999,1999,1,15,10,"투수"
"이정길",1973-03-19,1999,1999,1,5,3,"투수"
"오규택",1973-08-01,1999,2000,2,3,8,"타자"
"김지훈",1973-09-02,1999,2004,5,216,9,"타자"
"박연수",1974-01-14,1999,2008,10,488,1,"타자"
"김혁섭",1974-05-05,1999,2001,2,25,5,"투수"
"박노식",1974-05-08,1999,1999,1,1,5,"투수"
"정회선",1974-05-26,1999,1999,1,5,5,"타자"
"강혁",1974-08-25,1999,2007,7,428,8,"타자"
"조현",1974-10-17,1999,1999,1,2,10,"타자"
"장성진",1975-04-07,1999,2002,4,134,4,"투수"
"심재윤",1975-08-24,1999,2001,3,140,8,"타자"
"이병수",1975-09-23,1999,1999,1,1,9,"타자"
"채종국",1975-10-24,1999,2008,9,659,10,"타자"
"이정훈",1975-11-23,1999,1999,1,5,11,"타자"
"김상태",1976-04-19,1999,2001,2,46,4,"투수"
"박장희",1976-04-23,1999,2002,4,123,4,"투수"
"황우구",1976-05-03,1999,2004,6,377,5,"타자"
"장일현",1976-05-12,1999,2005,5,411,5,"타자"
"장영균",1976-05-20,1999,2003,5,56,5,"타자"
"오창선",1976-06-02,1999,2000,2,7,6,"투수"
"정원욱",1976-06-17,1999,2002,4,71,6,"투수"
"윤근주",1976-06-30,1999,2001,3,17,6,"투수"
"한규식",1976-09-14,1999,2007,7,335,9,"타자"
"이준호",1976-10-08,1999,2002,3,35,10,"투수"
"황두성",1976-11-16,1999,2009,11,243,11,"투수"
"김기환",1976-12-07,1999,2000,2,8,12,"타자"
"김경진",1976-12-21,1999,2007,7,201,12,"타자"
"라형진",1977-02-05,1999,2005,6,159,2,"투수"
"이동은",1977-02-07,1999,2001,3,51,2,"투수"
"오주상",1977-11-20,1999,1999,1,2,11,"타자"
"김일경",1978-07-01,1999,2012,13,800,7,"타자"
"문남열",1978-10-17,1999,2003,3,37,10,"투수"
"정명수",1979-01-12,1999,1999,1,1,1,"투수"
"이경수",1979-06-23,1999,2000,2,10,6,"투수"
"윤상무",1979-07-20,1999,2004,3,11,7,"타자"
"정현택",1980-02-22,1999,2001,3,55,2,"타자"
"조재영",1980-03-15,1999,2001,3,14,3,"타자"
"구자운",1980-06-19,1999,2010,8,214,6,"투수"
"최경환",1972-05-12,2000,2009,10,810,5,"타자"
"장재명",1972-05-25,2000,2000,1,9,5,"타자"
"이대진",1974-06-09,2000,2002,2,24,6,"타자"
"김필중",1975-05-16,2000,2002,2,21,5,"타자"
"김장백",1975-09-23,2000,2003,4,49,9,"투수"
"전영삼",1975-11-19,2000,2000,1,2,11,"투수"
"장재혁",1976-03-16,2000,2002,2,24,3,"투수"
"박경진",1976-03-22,2000,2005,6,202,3,"타자"
"최영완",1976-05-03,2000,2002,3,38,5,"투수"
"차정국",1976-08-07,2000,2000,1,1,8,"타자"
"조상수",1976-08-24,2000,2001,2,3,8,"타자"
"김무성",1976-11-25,2000,2001,2,2,11,"타자"
"이상현",1976-12-11,2000,2004,2,5,12,"타자"
"전근표",1977-03-05,2000,2010,10,406,3,"타자"
"박창원",1977-03-17,2000,2000,1,2,3,"타자"
"박승민",1977-03-18,2000,2012,10,264,3,"투수"
"정원석",1977-03-27,2000,2012,10,542,3,"타자"
"김병준",1977-04-01,2000,2002,3,56,4,"투수"
"윤현식",1977-04-03,2000,2004,5,88,4,"타자"
"임학수",1977-04-03,2000,2000,1,16,4,"타자"
"조홍준",1977-04-27,2000,2000,1,27,4,"타자"
"신철인",1977-05-22,2000,2009,9,335,5,"투수"
"박찬협",1977-05-28,2000,2001,2,2,5,"투수"
"경헌호",1977-07-25,2000,2011,12,337,7,"투수"
"남기헌",1977-08-01,2000,2001,2,79,8,"타자"
"윤형진",1977-09-13,2000,2007,7,87,9,"투수"
"신주일",1977-09-18,2000,2004,3,53,9,"타자"
"양현석",1977-10-20,2000,2007,6,400,10,"타자"
"박정환",1977-10-23,2000,2011,12,598,10,"타자"
"장교성",1977-10-27,2000,2006,4,139,10,"타자"
"정진용",1977-12-01,2000,2001,2,39,12,"투수"
"채종범",1977-12-03,2000,2010,8,681,12,"타자"
"홍세완",1978-01-16,2000,2010,10,817,1,"타자"
"최길성",1978-02-06,2000,2007,6,170,2,"타자"
"최승환",1978-02-25,2000,2013,11,318,2,"타자"
"전하진",1979-02-11,2000,2000,1,7,2,"투수"
"박영진",1979-03-19,2000,2000,1,20,3,"투수"
"김성준",1979-06-20,2000,2000,1,2,6,"투수"
"장준관",1981-04-14,2000,2007,6,67,4,"투수"
"강민영",1981-07-04,2000,2002,3,54,7,"투수"
"허진석",1981-07-19,2000,2003,3,19,7,"투수"
"조규수",1981-09-15,2000,2010,7,156,9,"투수"
"배홍철",1982-02-24,2000,2000,1,7,2,"투수"
"김성균",1976-01-25,2001,2002,2,14,1,"타자"
"조정권",1976-02-25,2001,2003,3,127,2,"타자"
"구민호",1977-03-11,2001,2001,1,4,3,"타자"
"박재형",1977-04-09,2001,2001,1,2,4,"투수"
"박효순",1977-04-27,2001,2001,1,1,4,"투수"
"조병찬",1977-05-17,2001,2001,1,1,5,"타자"
"방진호",1977-07-27,2001,2002,2,39,7,"타자"
"김재학",1978-02-18,2001,2004,4,37,2,"타자"
"김무성",1978-03-02,2001,2003,2,3,3,"타자"
"이성수",1978-03-08,2001,2001,1,7,3,"투수"
"권오현",1978-03-12,2001,2003,3,103,3,"타자"
"서창호",1978-06-03,2001,2002,2,27,6,"타자"
"고상천",1978-06-10,2001,2004,4,15,6,"투수"
"이근용",1978-06-16,2001,2001,1,2,6,"투수"
"김기동",1978-08-05,2001,2001,1,1,8,"타자"
"박상민",1978-08-11,2001,2002,2,37,8,"타자"
"김덕용",1978-08-16,2001,2001,1,3,8,"투수"
"지승민",1978-09-12,2001,2010,7,173,9,"투수"
"심제훈",1978-10-11,2001,2004,3,62,10,"타자"
"김장현",1978-10-16,2001,2004,4,124,10,"투수"
"장인규",1978-10-31,2001,2006,3,4,10,"투수"
"이송영",1979-01-17,2001,2004,2,2,1,"타자"
"최경훈",1979-01-22,2001,2002,2,25,1,"투수"
"오우진",1979-01-30,2001,2003,3,19,1,"타자"
"오세학",1979-09-09,2001,2001,1,8,9,"타자"
"최동연",1979-09-30,2001,2001,1,1,9,"타자"
"송원국",1979-10-26,2001,2002,2,81,10,"타자"
"정정오",1980-02-10,2001,2001,1,1,2,"타자"
"이대일",1980-08-01,2001,2002,2,3,8,"투수"
"김동건",1982-03-07,2001,2013,8,76,3,"타자"
"김민철",1982-03-14,2001,2006,6,333,3,"타자"
"김덕윤",1982-04-21,2001,2008,6,113,4,"투수"
"박정근",1982-04-23,2001,2006,3,16,4,"투수"
"박용진",1982-04-24,2001,2003,2,4,4,"투수"
"이정호",1982-04-27,2001,2010,6,35,4,"투수"
"김주철",1982-05-05,2001,2005,5,41,5,"투수"
"정원",1982-06-01,2001,2007,6,110,6,"투수"
"이대호",1982-06-21,2001,2011,11,1150,6,"타자"
"오승준",1982-08-06,2001,2004,3,23,8,"투수"
"김태구",1982-09-27,2001,2004,3,21,9,"투수"
"김백만",1982-10-12,2001,2009,6,78,10,"투수"
"김우석",1975-09-02,2002,2008,7,161,9,"타자"
"정성열",1976-05-16,2002,2003,2,17,5,"타자"
"김학재",1976-08-11,2002,2002,1,2,8,"타자"
"서성민",1976-08-22,2002,2002,1,36,8,"타자"
"신원주",1976-10-14,2002,2002,1,2,10,"투수"
"김풍철",1976-10-20,2002,2002,1,25,10,"투수"
"강병식",1977-04-23,2002,2012,11,761,4,"타자"
"박봉수",1977-07-16,2002,2002,1,8,7,"타자"
"조윤채",1977-08-10,2002,2004,3,94,8,"타자"
"윤태수",1978-04-05,2002,2003,2,9,4,"타자"
"박우호",1978-05-15,2002,2002,1,12,5,"타자"
"김대원",1978-05-18,2002,2002,1,15,5,"타자"
"김재구",1978-05-31,2002,2008,4,89,5,"타자"
"이준민",1979-01-23,2002,2003,2,11,1,"타자"
"조용준",1979-03-17,2002,2009,5,234,3,"투수"
"유재웅",1979-05-20,2002,2012,8,392,5,"타자"
"송혁",1979-05-21,2002,2003,2,14,5,"타자"
"김정현",1979-05-27,2002,2002,1,24,5,"타자"
"조민철",1979-06-08,2002,2003,2,17,6,"타자"
"변인재",1979-06-11,2002,2003,2,31,6,"투수"
"최환인",1979-06-15,2002,2002,1,1,6,"투수"
"조현수",1979-06-27,2002,2005,4,222,6,"타자"
"서승화",1979-07-13,2002,2010,7,147,7,"투수"
"강철민",1979-07-22,2002,2010,6,120,7,"투수"
"강귀태",1979-08-12,2002,2012,11,816,8,"타자"
"권오원",1979-08-16,2002,2009,5,72,8,"투수"
"윤형국",1979-08-20,2002,2004,3,25,8,"타자"
"김용우",1979-09-12,2002,2009,6,135,9,"타자"
"허일상",1979-12-21,2002,2009,4,129,12,"타자"
"조재호",1980-01-10,2002,2012,9,382,1,"타자"
"이명호",1981-02-10,2002,2003,2,32,2,"투수"
"이윤학",1982-02-25,2002,2008,2,6,2,"투수"
"김제빈",1982-03-31,2002,2002,1,17,3,"투수"
"유혜정",1982-06-20,2002,2004,3,11,6,"투수"
"조형식",1982-07-09,2002,2006,3,25,7,"투수"
"이경환",1983-05-21,2002,2009,4,29,5,"타자"
"이태호",1983-09-24,2002,2007,6,81,9,"타자"
"조진호",1975-08-16,2003,2009,3,34,8,"투수"
"이승준",1976-07-03,2003,2006,4,131,7,"타자"
"이준",1977-07-17,2003,2003,1,1,7,"투수"
"오태근",1978-04-05,2003,2009,7,214,4,"타자"
"박만채",1978-08-02,2003,2006,4,32,8,"투수"
"임동규",1979-06-03,2003,2007,4,87,6,"투수"
"김광우",1979-09-12,2003,2005,3,61,9,"투수"
"김문수",1979-09-30,2003,2008,4,22,9,"투수"
"김세중",1979-10-20,2003,2003,1,1,10,"타자"
"김주용",1980-01-17,2003,2003,1,3,1,"투수"
"이민택",1980-02-23,2003,2003,1,9,2,"타자"
"신동민",1980-03-14,2003,2004,2,10,3,"투수"
"정종수",1980-05-08,2003,2008,2,18,5,"타자"
"이석만",1980-05-08,2003,2005,2,8,5,"투수"
"백승훈",1980-05-16,2003,2004,2,7,5,"타자"
"김형철",1980-05-26,2003,2010,8,167,5,"타자"
"송수근",1980-06-26,2003,2004,2,30,6,"타자"
"정보명",1980-08-23,2003,2013,9,439,8,"타자"
"이인구",1980-11-07,2003,2013,9,347,11,"타자"
"백대운",1980-11-21,2003,2003,1,9,11,"타자"
"문용민",1980-12-06,2003,2008,3,59,12,"투수"
"신민기",1980-12-11,2003,2003,1,21,12,"타자"
"양성제",1980-12-16,2003,2004,2,52,12,"투수"
"최동락",1980-12-24,2003,2003,1,26,12,"타자"
"김장준",1982-05-11,2003,2005,2,12,5,"투수"
"곽용섭",1983-02-03,2003,2009,4,15,2,"타자"
"박두일",1983-03-25,2003,2003,1,1,3,"타자"
"정병희",1983-05-25,2003,2006,4,103,5,"투수"
"김광희",1983-07-23,2003,2003,1,6,7,"타자"
"신주영",1984-02-15,2003,2012,6,85,2,"투수"
"김주호",1984-04-01,2003,2006,4,76,4,"타자"
"이정상",1984-07-11,2003,2004,2,14,7,"타자"
"김휘곤",1984-07-28,2003,2008,2,2,7,"투수"
"이경민",1984-07-31,2003,2003,1,1,7,"투수"
"맹진국",1984-08-28,2003,2004,2,14,8,"타자"
"고우석",1984-11-03,2003,2012,7,86,11,"투수"
"김원",1978-09-23,2004,2004,1,5,9,"타자"
"손용수",1979-06-16,2004,2004,1,1,6,"투수"
"이동현",1979-11-15,2004,2010,6,104,11,"투수"
"김수훈",1980-07-10,2004,2004,1,1,7,"투수"
"박강우",1980-07-19,2004,2004,1,1,7,"투수"
"윤경영",1980-08-12,2004,2010,3,10,8,"투수"
"조인신",1980-08-14,2004,2005,2,49,8,"타자"
"이상화",1980-09-15,2004,2011,6,103,9,"투수"
"박진환",1981-03-10,2004,2011,4,66,3,"타자"
"이창훈",1981-03-25,2004,2004,1,25,3,"타자"
"조문기",1981-04-12,2004,2004,1,1,4,"타자"
"홍마태",1981-05-05,2004,2004,1,6,5,"타자"
"방승재",1981-05-10,2004,2005,2,16,5,"타자"
"민경수",1981-05-19,2004,2010,5,148,5,"투수"
"황이갑",1981-05-22,2004,2004,1,5,5,"타자"
"김종민",1981-06-30,2004,2006,3,3,6,"투수"
"송현우",1981-09-16,2004,2008,5,70,9,"투수"
"권영근",1981-11-16,2004,2005,2,12,11,"타자"
"서정호",1981-12-24,2004,2009,4,24,12,"타자"
"허용",1982-02-03,2004,2004,1,1,2,"타자"
"성민국",1982-02-09,2004,2004,1,4,2,"타자"
"유영민",1982-03-01,2004,2004,1,2,3,"투수"
"박창근",1983-02-25,2004,2004,1,14,2,"투수"
"양승학",1984-01-20,2004,2009,3,47,1,"타자"
"최민준",1984-04-05,2004,2005,2,15,4,"타자"
"김만윤",1984-07-23,2004,2004,1,7,7,"타자"
"김영복",1985-02-17,2004,2006,3,34,2,"타자"
"이경민",1985-03-07,2004,2005,2,3,3,"투수"
"정우람",1985-06-01,2004,2012,9,531,6,"투수"
"이원희",1985-07-15,2004,2007,4,51,7,"투수"
"박권수",1985-08-12,2004,2004,1,1,8,"투수"
"김무학",1985-09-04,2004,2004,1,1,9,"투수"
"김종성",1985-10-03,2004,2004,1,2,10,"타자"
"조성민",1973-04-05,2005,2007,3,35,4,"투수"
"허연철",1980-08-07,2005,2005,1,10,8,"타자"
"손기현",1981-03-03,2005,2005,1,4,3,"투수"
"최혁길",1981-03-25,2005,2005,1,4,3,"투수"
"이상현",1981-04-05,2005,2005,1,11,4,"투수"
"김성호",1981-04-30,2005,2005,1,2,4,"타자"
"이영수",1981-05-09,2005,2010,3,61,5,"타자"
"권민성",1981-05-31,2005,2005,1,10,5,"타자"
"이상우",1981-08-13,2005,2005,1,1,8,"투수"
"주창훈",1981-12-17,2005,2005,1,1,12,"타자"
"이동훈",1981-12-25,2005,2009,5,21,12,"타자"
"서민욱",1982-01-09,2005,2007,3,26,1,"투수"
"홍성수",1982-02-05,2005,2005,1,1,2,"투수"
"황준영",1982-03-11,2005,2006,2,19,3,"타자"
"손상정",1982-04-07,2005,2005,1,6,4,"투수"
"임성민",1982-06-18,2005,2005,1,47,6,"타자"
"백정훈",1982-06-24,2005,2005,1,1,6,"타자"
"송산",1982-07-02,2005,2012,5,247,7,"타자"
"손승현",1982-07-08,2005,2009,4,19,7,"타자"
"오승환",1982-07-15,2005,2013,9,444,7,"투수"
"정희상",1982-08-13,2005,2010,3,74,8,"타자"
"차정민",1982-11-23,2005,2011,5,69,11,"투수"
"윤승균",1983-01-07,2005,2006,2,120,1,"타자"
"강관식",1984-04-12,2005,2005,1,1,4,"투수"
"유덕형",1984-05-26,2005,2007,2,6,5,"타자"
"김혜겸",1985-01-05,2005,2007,2,9,1,"타자"
"최혁권",1985-01-16,2005,2005,1,3,1,"투수"
"장찬",1985-06-12,2005,2006,2,10,6,"투수"
"김수화",1986-01-12,2005,2006,2,23,1,"투수"
"이보근",1986-04-30,2005,2013,9,265,4,"투수"
"이왕기",1986-05-28,2005,2007,3,104,5,"투수"
"윤석민",1986-07-24,2005,2013,9,303,7,"투수"
"김명제",1987-01-05,2005,2009,5,137,1,"투수"
"정재훈",1981-05-06,2006,2007,2,33,5,"투수"
"강유삼",1981-07-25,2006,2006,1,1,7,"투수"
"백준영",1982-05-18,2006,2008,2,4,5,"투수"
"이대현",1982-06-09,2006,2006,1,4,6,"투수"
"여승현",1982-06-11,2006,2006,1,2,6,"투수"
"오재필",1982-07-27,2006,2013,5,162,7,"타자"
"이승엽",1982-11-28,2006,2006,1,12,11,"타자"
"장태종",1983-03-08,2006,2008,2,9,3,"투수"
"정홍준",1983-05-25,2006,2009,3,27,5,"투수"
"연경흠",1983-09-14,2006,2013,6,345,9,"타자"
"추경식",1983-11-19,2006,2006,1,13,11,"타자"
"김정환",1984-01-21,2006,2007,2,9,1,"투수"
"임재청",1984-02-21,2006,2006,1,8,2,"투수"
"송수",1984-03-04,2006,2006,1,9,3,"타자"
"김태환",1985-03-30,2006,2006,1,3,3,"투수"
"채형직",1986-02-26,2006,2006,1,26,2,"투수"
"김유신",1986-05-01,2006,2009,4,5,5,"투수"
"이호성",1986-08-15,2006,2006,1,1,8,"타자"
"박가람",1986-11-07,2006,2006,1,6,11,"타자"
"류현진",1987-03-25,2006,2012,7,190,3,"투수"
"손영민",1987-04-28,2006,2012,7,313,4,"투수"
"권윤민",1979-01-22,2007,2007,1,11,1,"타자"
"이승학",1979-06-02,2007,2008,2,49,6,"투수"
"권도영",1981-02-11,2007,2010,4,166,2,"타자"
"김용섭",1983-01-18,2007,2011,2,3,1,"타자"
"박도현",1983-04-12,2007,2009,2,14,4,"타자"
"박정규",1983-04-17,2007,2009,3,26,4,"투수"
"홍유택",1983-07-16,2007,2007,1,6,7,"타자"
"김경선",1983-08-20,2007,2008,2,13,8,"투수"
"조순권",1983-10-28,2007,2008,2,13,10,"투수"
"이강서",1984-01-10,2007,2007,1,15,1,"타자"
"이승주",1984-04-13,2007,2011,2,12,4,"타자"
"서정",1984-04-16,2007,2007,1,1,4,"타자"
"김이슬",1984-06-15,2007,2009,3,34,6,"투수"
"오준형",1984-07-21,2007,2013,5,54,7,"투수"
"이창석",1984-12-15,2007,2007,1,3,12,"타자"
"김동영",1985-04-02,2007,2010,3,23,4,"타자"
"오성민",1985-11-06,2007,2011,2,4,11,"투수"
"김정수",1986-03-15,2007,2007,1,3,3,"타자"
"유용목",1986-06-10,2007,2009,3,13,6,"타자"
"유선정",1986-08-21,2007,2011,5,143,8,"타자"
"김하람",1986-09-11,2007,2007,1,1,9,"타자"
"권덕준",1987-01-20,2007,2007,1,1,1,"투수"
"박민주",1987-07-23,2007,2007,1,1,7,"투수"
"조용훈",1987-10-29,2007,2009,3,150,10,"투수"
"이두환",1988-03-16,2007,2010,2,14,3,"타자"
"최유건",1988-08-02,2007,2008,2,2,8,"투수"
"이원재",1988-12-01,2007,2012,4,24,12,"투수"
"김일엽",1980-02-15,2008,2013,6,117,2,"투수"
"조영민",1981-03-11,2008,2008,1,4,3,"타자"
"곽동훈",1981-07-13,2008,2011,3,11,7,"투수"
"서성종",1983-06-17,2008,2010,2,5,6,"타자"
"김준호",1984-03-03,2008,2011,3,59,3,"타자"
"노환수",1984-06-30,2008,2008,1,2,6,"타자"
"권영진",1984-11-18,2008,2012,3,35,11,"타자"
"김수형",1985-03-27,2008,2008,1,1,3,"타자"
"박진영",1985-03-27,2008,2008,1,10,3,"타자"
"임성헌",1985-06-22,2008,2010,3,25,6,"투수"
"최현종",1985-07-08,2008,2008,1,18,7,"타자"
"임도현",1985-09-06,2008,2013,3,31,9,"타자"
"이성재",1985-11-20,2008,2008,1,7,11,"타자"
"김주현",1986-01-22,2008,2009,2,16,1,"타자"
"김회권",1986-04-10,2008,2008,1,1,4,"타자"
"양승진",1987-04-19,2008,2012,5,27,4,"투수"
"김성현",1989-01-03,2008,2011,4,98,1,"투수"
"최연오",1984-03-14,2009,2009,1,5,3,"타자"
"하지호",1984-12-16,2009,2010,2,11,12,"타자"
"양지훈",1985-04-15,2009,2009,1,7,4,"투수"
"이정동",1985-07-17,2009,2009,1,4,7,"투수"
"지훈",1986-02-22,2009,2009,1,1,2,"투수"
"윤진호",1986-06-23,2009,2012,4,117,6,"타자"
"박현준",1986-09-22,2009,2011,3,63,9,"투수"
"김정남",1986-11-22,2009,2011,2,16,11,"타자"
"김주",1989-03-02,2009,2009,1,3,3,"투수"
"정성철",1990-04-21,2009,2009,1,11,4,"투수"
"조승수",1990-06-09,2009,2011,3,30,6,"투수"
"최성민",1990-07-31,2009,2011,3,33,7,"투수"
"조태수",1983-05-29,2010,2010,1,4,5,"타자"
"이성호",1985-03-09,2010,2010,1,5,3,"타자"
"박건우",1985-04-06,2010,2012,3,18,4,"투수"
"장태성",1986-12-15,2010,2010,1,3,12,"타자"
"김동길",1987-03-01,2010,2011,2,14,3,"타자"
"변용선",1987-05-17,2010,2012,2,10,5,"타자"
"임한용",1987-07-15,2010,2011,2,12,7,"타자"
"신해수",1987-11-30,2010,2010,1,2,11,"투수"
"박시영",1989-03-10,2010,2010,1,2,3,"투수"
"장민제",1990-03-19,2010,2011,2,49,3,"투수"
"김태훈",1990-05-19,2010,2012,3,26,5,"투수"
"윤효섭",1990-10-24,2010,2010,1,1,10,"타자"
"김재우",1991-10-22,2010,2010,1,5,10,"타자"
"안영진",1983-09-03,2011,2012,2,9,9,"투수"
"최진호",1984-08-26,2011,2011,1,4,8,"투수"
"이상훈",1985-05-10,2011,2011,1,1,5,"투수"
"김용호",1986-03-29,2011,2011,1,2,3,"타자"
"이규대",1986-10-20,2011,2011,1,2,10,"투수"
"안동현",1986-12-24,2011,2011,1,2,12,"타자"
"박진원",1987-03-17,2011,2011,1,7,3,"타자"
"김태훈",1987-09-28,2011,2011,1,3,9,"타자"
"명재철",1989-01-17,2011,2013,2,5,1,"투수"
"정상교",1991-10-01,2011,2012,2,12,10,"타자"
"허일",1992-11-20,2011,2011,1,2,11,"타자"
"박찬호",1973-06-30,2012,2012,1,23,6,"투수"
"권영준",1986-06-04,2012,2012,1,11,6,"타자"
"신정익",1987-02-04,2012,2013,2,4,2,"투수"
"이경우",1987-11-09,2012,2012,1,1,11,"투수"
"이민재",1988-02-05,2012,2012,1,7,2,"타자"
"이희성",1988-03-09,2012,2012,1,4,3,"투수"
"한성구",1988-09-14,2012,2012,1,17,9,"타자"
"김영훈",1989-03-24,2012,2012,1,2,3,"타자"
"최성훈",1989-10-11,2012,2013,2,41,10,"투수"
"최우석",1993-02-06,2012,2012,1,4,2,"투수"
"이우선",1983-04-19,2013,2013,1,1,4,"타자"
"임세업",1983-09-01,2013,2013,1,5,9,"타자"
"임경훈",1989-08-30,2013,2013,1,7,8,"타자"
